file,test,instance,c1,c2,c3,c4,c5,c6,c7,c8,c9,c10,p_value_uniformity,pass_count,sample_size,pass_ratio,uniformity_flag,proportion_flag,status
ch01,Frequency,1,7,12,8,5,2,5,7,5,7,6,0.32418,63,64,0.984375,False,False,PASS
ch01,BlockFrequency,1,10,8,2,6,4,10,10,5,3,6,0.134686,62,64,0.96875,False,False,PASS
ch01,CumulativeSums,1,5,9,10,3,7,9,2,4,6,9,0.195163,64,64,1.0,False,False,PASS
ch01,CumulativeSums,2,6,10,7,6,7,7,4,5,4,8,0.804337,63,64,0.984375,False,False,PASS
ch01,Runs,1,5,3,4,9,9,4,9,11,8,2,0.090936,62,64,0.96875,False,False,PASS
ch01,LongestRun,1,9,8,5,8,10,4,8,4,4,4,0.437274,63,64,0.984375,False,False,PASS
ch01,Rank,1,5,5,6,2,8,10,7,3,6,12,0.122325,63,64,0.984375,False,False,PASS
ch01,FFT,1,10,4,5,3,10,9,8,5,6,4,0.299251,63,64,0.984375,False,False,PASS
ch01,NonOverlappingTemplate,1,8,6,6,4,3,9,3,8,7,10,0.407091,63,64,0.984375,False,False,PASS
ch01,NonOverlappingTemplate,2,5,7,8,3,10,5,10,4,10,2,0.122325,63,64,0.984375,False,False,PASS
ch01,NonOverlappingTemplate,3,11,6,7,5,4,7,5,8,9,2,0.32418,64,64,1.0,False,False,PASS
ch01,NonOverlappingTemplate,4,6,4,10,4,9,6,5,8,5,7,0.671779,62,64,0.96875,False,False,PASS
ch01,NonOverlappingTemplate,5,11,5,11,5,2,6,3,12,3,6,0.015963,64,64,1.0,False,False,PASS
ch01,NonOverlappingTemplate,6,3,10,6,7,9,5,11,1,3,9,0.043745,63,64,0.984375,False,False,PASS
ch01,NonOverlappingTemplate,7,8,9,6,8,2,5,6,8,8,4,0.568055,63,64,0.984375,False,False,PASS
ch01,NonOverlappingTemplate,8,8,3,9,6,9,4,5,5,9,6,0.568055,64,64,1.0,False,False,PASS
ch01,NonOverlappingTemplate,9,3,5,5,7,11,7,5,10,5,6,0.407091,62,64,0.96875,False,False,PASS
ch01,NonOverlappingTemplate,10,6,6,9,1,7,6,11,5,8,5,0.275709,63,64,0.984375,False,False,PASS
ch01,NonOverlappingTemplate,11,10,7,11,3,5,3,7,8,4,6,0.23276,64,64,1.0,False,False,PASS
ch01,NonOverlappingTemplate,12,8,4,8,9,6,7,8,3,8,3,0.534146,64,64,1.0,False,False,PASS
ch01,NonOverlappingTemplate,13,5,4,5,10,2,10,7,7,5,9,0.275709,63,64,0.984375,False,False,PASS
ch01,NonOverlappingTemplate,14,10,3,6,9,4,6,4,4,6,12,0.134686,64,64,1.0,False,False,PASS
ch01,NonOverlappingTemplate,15,5,6,9,6,6,8,4,8,6,6,0.931952,64,64,1.0,False,False,PASS
ch01,NonOverlappingTemplate,16,7,2,8,10,9,3,6,6,3,10,0.148094,64,64,1.0,False,False,PASS
ch01,NonOverlappingTemplate,17,5,6,8,5,6,7,5,6,11,5,0.77276,63,64,0.984375,False,False,PASS
ch01,NonOverlappingTemplate,18,4,3,9,5,5,10,6,4,10,8,0.299251,64,64,1.0,False,False,PASS
ch01,NonOverlappingTemplate,19,4,5,6,9,12,4,2,8,6,8,0.162606,64,64,1.0,False,False,PASS
ch01,NonOverlappingTemplate,20,5,5,4,7,6,8,8,6,5,10,0.804337,63,64,0.984375,False,False,PASS
ch01,NonOverlappingTemplate,21,5,9,5,9,5,7,7,9,3,5,0.637119,63,64,0.984375,False,False,PASS
ch01,NonOverlappingTemplate,22,4,2,5,10,8,6,9,8,6,6,0.437274,64,64,1.0,False,False,PASS
ch01,NonOverlappingTemplate,23,7,4,5,4,12,6,5,9,5,7,0.378138,64,64,1.0,False,False,PASS
ch01,NonOverlappingTemplate,24,8,6,10,6,4,4,8,6,7,5,0.77276,61,64,0.953125,False,False,PASS
ch01,NonOverlappingTemplate,25,4,6,7,6,4,5,6,7,8,11,0.671779,63,64,0.984375,False,False,PASS
ch01,NonOverlappingTemplate,26,7,4,5,7,3,5,6,7,7,13,0.253551,64,64,1.0,False,False,PASS
ch01,NonOverlappingTemplate,27,9,5,10,6,7,8,6,5,5,3,0.637119,62,64,0.96875,False,False,PASS
ch01,NonOverlappingTemplate,28,5,8,4,3,4,8,8,6,11,7,0.407091,64,64,1.0,False,False,PASS
ch01,NonOverlappingTemplate,29,7,6,3,2,5,8,6,14,5,8,0.054199,63,64,0.984375,False,False,PASS
ch01,NonOverlappingTemplate,30,5,5,6,8,6,6,5,8,7,8,0.97606,63,64,0.984375,False,False,PASS
ch01,NonOverlappingTemplate,31,4,12,8,2,4,7,4,8,7,8,0.162606,64,64,1.0,False,False,PASS
ch01,NonOverlappingTemplate,32,3,7,5,6,9,7,7,4,7,9,0.739918,64,64,1.0,False,False,PASS
ch01,NonOverlappingTemplate,33,7,6,6,4,5,7,10,9,6,4,0.739918,63,64,0.984375,False,False,PASS
ch01,NonOverlappingTemplate,34,4,8,2,3,4,13,4,9,8,9,0.028181,64,64,1.0,False,False,PASS
ch01,NonOverlappingTemplate,35,6,9,5,5,6,5,6,7,5,10,0.834308,64,64,1.0,False,False,PASS
ch01,NonOverlappingTemplate,36,4,5,3,8,4,9,6,10,5,10,0.299251,64,64,1.0,False,False,PASS
ch01,NonOverlappingTemplate,37,4,5,2,8,5,8,5,5,7,15,0.025193,64,64,1.0,False,False,PASS
ch01,NonOverlappingTemplate,38,5,5,9,4,12,3,7,5,5,9,0.213309,64,64,1.0,False,False,PASS
ch01,NonOverlappingTemplate,39,3,7,6,8,8,8,6,6,9,3,0.671779,64,64,1.0,False,False,PASS
ch01,NonOverlappingTemplate,40,8,8,8,7,5,3,7,5,4,9,0.706149,64,64,1.0,False,False,PASS
ch01,NonOverlappingTemplate,41,6,6,5,3,4,9,8,8,7,8,0.739918,64,64,1.0,False,False,PASS
ch01,NonOverlappingTemplate,42,4,9,4,7,8,3,8,7,7,7,0.706149,64,64,1.0,False,False,PASS
ch01,NonOverlappingTemplate,43,9,3,10,8,7,4,9,5,3,6,0.32418,64,64,1.0,False,False,PASS
ch01,NonOverlappingTemplate,44,6,1,10,5,8,8,6,5,4,11,0.148094,64,64,1.0,False,False,PASS
ch01,NonOverlappingTemplate,45,5,7,5,6,9,9,1,11,5,6,0.213309,63,64,0.984375,False,False,PASS
ch01,NonOverlappingTemplate,46,11,11,5,5,7,6,5,5,6,3,0.299251,63,64,0.984375,False,False,PASS
ch01,NonOverlappingTemplate,47,4,4,8,5,2,9,16,4,5,7,0.004301,64,64,1.0,False,False,PASS
ch01,NonOverlappingTemplate,48,7,3,7,4,11,6,4,6,8,8,0.468595,63,64,0.984375,False,False,PASS
ch01,NonOverlappingTemplate,49,7,7,5,6,7,3,4,9,8,8,0.77276,63,64,0.984375,False,False,PASS
ch01,NonOverlappingTemplate,50,10,2,10,7,9,6,5,6,5,4,0.299251,64,64,1.0,False,False,PASS
ch01,NonOverlappingTemplate,51,4,3,7,6,11,10,6,4,6,7,0.350485,64,64,1.0,False,False,PASS
ch01,NonOverlappingTemplate,52,5,7,3,5,6,9,6,14,3,6,0.074177,64,64,1.0,False,False,PASS
ch01,NonOverlappingTemplate,53,13,5,6,5,7,4,3,7,9,5,0.178278,62,64,0.96875,False,False,PASS
ch01,NonOverlappingTemplate,54,2,12,3,10,4,1,11,9,7,5,0.004861,64,64,1.0,False,False,PASS
ch01,NonOverlappingTemplate,55,6,4,3,8,3,6,6,15,5,8,0.028181,64,64,1.0,False,False,PASS
ch01,NonOverlappingTemplate,56,12,6,3,5,9,5,2,7,11,4,0.048716,64,64,1.0,False,False,PASS
ch01,NonOverlappingTemplate,57,5,10,8,6,6,12,4,1,9,3,0.043745,63,64,0.984375,False,False,PASS
ch01,NonOverlappingTemplate,58,3,9,12,8,7,8,7,1,5,4,0.074177,63,64,0.984375,False,False,PASS
ch01,NonOverlappingTemplate,59,9,6,3,5,7,6,5,4,7,12,0.32418,64,64,1.0,False,False,PASS
ch01,NonOverlappingTemplate,60,5,6,5,3,5,4,6,6,12,12,0.100508,64,64,1.0,False,False,PASS
ch01,NonOverlappingTemplate,61,10,8,7,5,8,5,5,5,5,6,0.834308,64,64,1.0,False,False,PASS
ch01,NonOverlappingTemplate,62,9,3,7,3,7,9,8,4,8,6,0.500934,63,64,0.984375,False,False,PASS
ch01,NonOverlappingTemplate,63,7,8,2,1,6,12,2,7,10,9,0.014216,63,64,0.984375,False,False,PASS
ch01,NonOverlappingTemplate,64,11,6,6,3,6,10,5,4,8,5,0.350485,63,64,0.984375,False,False,PASS
ch01,NonOverlappingTemplate,65,5,9,7,6,4,3,6,9,10,5,0.500934,61,64,0.953125,False,False,PASS
ch01,NonOverlappingTemplate,66,10,6,2,9,2,7,6,4,8,10,0.134686,64,64,1.0,False,False,PASS
ch01,NonOverlappingTemplate,67,2,8,3,5,8,5,8,8,9,8,0.407091,64,64,1.0,False,False,PASS
ch01,NonOverlappingTemplate,68,5,4,4,6,6,7,9,8,6,9,0.804337,64,64,1.0,False,False,PASS
ch01,NonOverlappingTemplate,69,4,8,9,2,8,8,3,9,8,5,0.299251,62,64,0.96875,False,False,PASS
ch01,NonOverlappingTemplate,70,5,8,9,4,5,9,5,5,5,9,0.671779,63,64,0.984375,False,False,PASS
ch01,NonOverlappingTemplate,71,7,3,8,4,8,13,3,5,9,4,0.074177,64,64,1.0,False,False,PASS
ch01,NonOverlappingTemplate,72,6,10,6,8,6,8,6,4,3,7,0.706149,61,64,0.953125,False,False,PASS
ch01,NonOverlappingTemplate,73,2,7,7,9,8,6,8,2,10,5,0.253551,64,64,1.0,False,False,PASS
ch01,NonOverlappingTemplate,74,2,5,8,6,5,11,8,5,7,7,0.437274,64,64,1.0,False,False,PASS
ch01,NonOverlappingTemplate,75,8,6,6,4,3,9,3,8,7,10,0.407091,63,64,0.984375,False,False,PASS
ch01,NonOverlappingTemplate,76,6,5,7,6,9,7,7,8,5,4,0.931952,63,64,0.984375,False,False,PASS
ch01,NonOverlappingTemplate,77,11,5,5,7,5,5,5,10,6,5,0.534146,64,64,1.0,False,False,PASS
ch01,NonOverlappingTemplate,78,7,6,5,11,8,6,4,7,6,4,0.671779,62,64,0.96875,False,False,PASS
ch01,NonOverlappingTemplate,79,6,7,7,3,14,4,8,5,3,7,0.074177,62,64,0.96875,False,False,PASS
ch01,NonOverlappingTemplate,80,4,6,5,4,3,8,12,3,11,8,0.066882,64,64,1.0,False,False,PASS
ch01,NonOverlappingTemplate,81,7,7,8,2,7,7,9,6,5,6,0.77276,64,64,1.0,False,False,PASS
ch01,NonOverlappingTemplate,82,9,4,4,10,8,2,3,9,9,6,0.148094,64,64,1.0,False,False,PASS
ch01,NonOverlappingTemplate,83,8,8,6,8,6,3,6,6,8,5,0.888137,62,64,0.96875,False,False,PASS
ch01,NonOverlappingTemplate,84,4,3,10,4,3,6,11,4,8,11,0.054199,64,64,1.0,False,False,PASS
ch01,NonOverlappingTemplate,85,5,5,5,4,3,9,6,12,5,10,0.162606,63,64,0.984375,False,False,PASS
ch01,NonOverlappingTemplate,86,6,9,2,7,7,7,5,5,7,9,0.671779,64,64,1.0,False,False,PASS
ch01,NonOverlappingTemplate,87,7,2,4,6,6,6,10,8,11,4,0.23276,63,64,0.984375,False,False,PASS
ch01,NonOverlappingTemplate,88,7,9,3,5,5,6,8,6,7,8,0.834308,64,64,1.0,False,False,PASS
ch01,NonOverlappingTemplate,89,6,7,9,5,8,5,8,6,6,4,0.911413,64,64,1.0,False,False,PASS
ch01,NonOverlappingTemplate,90,8,4,10,7,4,4,7,6,8,6,0.706149,64,64,1.0,False,False,PASS
ch01,NonOverlappingTemplate,91,6,6,4,6,9,10,6,5,4,8,0.706149,64,64,1.0,False,False,PASS
ch01,NonOverlappingTemplate,92,10,7,5,5,6,12,2,6,4,7,0.178278,62,64,0.96875,False,False,PASS
ch01,NonOverlappingTemplate,93,7,6,7,3,7,6,9,8,6,5,0.888137,64,64,1.0,False,False,PASS
ch01,NonOverlappingTemplate,94,7,6,8,13,4,3,5,3,7,8,0.134686,64,64,1.0,False,False,PASS
ch01,NonOverlappingTemplate,95,5,4,5,13,6,3,7,5,9,7,0.178278,64,64,1.0,False,False,PASS
ch01,NonOverlappingTemplate,96,5,9,10,8,6,3,5,8,5,5,0.568055,64,64,1.0,False,False,PASS
ch01,NonOverlappingTemplate,97,4,2,9,5,10,9,9,6,5,5,0.275709,64,64,1.0,False,False,PASS
ch01,NonOverlappingTemplate,98,10,3,9,9,3,7,8,7,5,3,0.253551,63,64,0.984375,False,False,PASS
ch01,NonOverlappingTemplate,99,3,9,3,7,3,5,6,14,9,5,0.028181,63,64,0.984375,False,False,PASS
ch01,NonOverlappingTemplate,100,3,10,6,8,9,8,6,6,4,4,0.500934,64,64,1.0,False,False,PASS
ch01,NonOverlappingTemplate,101,5,4,8,8,1,10,11,6,6,5,0.148094,64,64,1.0,False,False,PASS
ch01,NonOverlappingTemplate,102,7,5,6,7,10,6,3,8,8,4,0.671779,64,64,1.0,False,False,PASS
ch01,NonOverlappingTemplate,103,6,10,4,6,5,1,7,8,7,10,0.253551,62,64,0.96875,False,False,PASS
ch01,NonOverlappingTemplate,104,6,11,6,5,9,4,7,6,5,5,0.637119,62,64,0.96875,False,False,PASS
ch01,NonOverlappingTemplate,105,7,4,5,7,8,4,9,6,8,6,0.862344,64,64,1.0,False,False,PASS
ch01,NonOverlappingTemplate,106,5,6,7,3,9,9,14,3,4,4,0.031497,64,64,1.0,False,False,PASS
ch01,NonOverlappingTemplate,107,7,5,8,10,4,4,3,7,11,5,0.275709,63,64,0.984375,False,False,PASS
ch01,NonOverlappingTemplate,108,6,6,4,12,4,7,9,6,4,6,0.378138,64,64,1.0,False,False,PASS
ch01,NonOverlappingTemplate,109,7,6,7,11,4,5,8,6,5,5,0.706149,62,64,0.96875,False,False,PASS
ch01,NonOverlappingTemplate,110,5,9,8,2,4,7,6,9,8,6,0.534146,64,64,1.0,False,False,PASS
ch01,NonOverlappingTemplate,111,8,8,6,5,5,10,4,7,5,6,0.804337,63,64,0.984375,False,False,PASS
ch01,NonOverlappingTemplate,112,7,5,6,6,6,3,8,9,6,8,0.862344,63,64,0.984375,False,False,PASS
ch01,NonOverlappingTemplate,113,4,3,13,7,4,8,6,7,5,7,0.195163,64,64,1.0,False,False,PASS
ch01,NonOverlappingTemplate,114,11,5,7,5,4,6,8,3,9,6,0.437274,62,64,0.96875,False,False,PASS
ch01,NonOverlappingTemplate,115,5,8,7,6,7,9,6,3,3,10,0.500934,64,64,1.0,False,False,PASS
ch01,NonOverlappingTemplate,116,5,6,7,9,4,8,5,7,6,7,0.931952,63,64,0.984375,False,False,PASS
ch01,NonOverlappingTemplate,117,6,4,11,12,6,3,9,8,3,2,0.028181,63,64,0.984375,False,False,PASS
ch01,NonOverlappingTemplate,118,5,5,7,5,8,5,4,10,9,6,0.706149,64,64,1.0,False,False,PASS
ch01,NonOverlappingTemplate,119,9,5,3,7,4,10,7,5,10,4,0.32418,64,64,1.0,False,False,PASS
ch01,NonOverlappingTemplate,120,3,12,4,3,5,10,6,6,10,5,0.082177,64,64,1.0,False,False,PASS
ch01,NonOverlappingTemplate,121,4,6,9,3,7,5,7,8,9,6,0.706149,62,64,0.96875,False,False,PASS
ch01,NonOverlappingTemplate,122,6,4,9,6,6,5,8,4,13,3,0.148094,63,64,0.984375,False,False,PASS
ch01,NonOverlappingTemplate,123,1,7,8,7,2,11,5,7,7,9,0.122325,64,64,1.0,False,False,PASS
ch01,NonOverlappingTemplate,124,11,6,7,7,7,4,6,7,5,4,0.706149,63,64,0.984375,False,False,PASS
ch01,NonOverlappingTemplate,125,8,4,6,8,5,4,8,10,5,6,0.706149,62,64,0.96875,False,False,PASS
ch01,NonOverlappingTemplate,126,7,7,5,6,6,8,5,6,8,6,0.991468,62,64,0.96875,False,False,PASS
ch01,NonOverlappingTemplate,127,8,7,7,6,6,8,5,2,8,7,0.804337,64,64,1.0,False,False,PASS
ch01,NonOverlappingTemplate,128,7,7,5,10,6,3,4,10,6,6,0.534146,64,64,1.0,False,False,PASS
ch01,NonOverlappingTemplate,129,6,6,5,8,6,5,6,13,2,7,0.213309,64,64,1.0,False,False,PASS
ch01,NonOverlappingTemplate,130,8,5,6,5,3,7,11,7,7,5,0.602458,63,64,0.984375,False,False,PASS
ch01,NonOverlappingTemplate,131,3,3,7,8,6,5,11,4,10,7,0.23276,63,64,0.984375,False,False,PASS
ch01,NonOverlappingTemplate,132,4,4,10,2,9,9,6,5,5,10,0.178278,63,64,0.984375,False,False,PASS
ch01,NonOverlappingTemplate,133,9,7,6,7,5,6,5,8,5,6,0.964295,64,64,1.0,False,False,PASS
ch01,NonOverlappingTemplate,134,1,11,5,4,7,8,9,5,8,6,0.195163,64,64,1.0,False,False,PASS
ch01,NonOverlappingTemplate,135,10,6,1,4,11,2,13,6,5,6,0.00699,63,64,0.984375,False,False,PASS
ch01,NonOverlappingTemplate,136,10,2,5,4,9,10,6,10,5,3,0.100508,63,64,0.984375,False,False,PASS
ch01,NonOverlappingTemplate,137,6,7,6,6,5,6,6,6,8,8,0.995711,64,64,1.0,False,False,PASS
ch01,NonOverlappingTemplate,138,4,12,3,0,4,8,10,13,6,4,0.001399,64,64,1.0,False,False,PASS
ch01,NonOverlappingTemplate,139,8,5,11,5,3,6,7,7,5,7,0.602458,63,64,0.984375,False,False,PASS
ch01,NonOverlappingTemplate,140,8,7,6,8,2,10,2,10,5,6,0.195163,62,64,0.96875,False,False,PASS
ch01,NonOverlappingTemplate,141,6,10,5,7,5,11,4,4,6,6,0.468595,64,64,1.0,False,False,PASS
ch01,NonOverlappingTemplate,142,9,8,6,5,6,4,6,5,9,6,0.862344,63,64,0.984375,False,False,PASS
ch01,NonOverlappingTemplate,143,8,3,3,11,10,7,4,7,4,7,0.195163,64,64,1.0,False,False,PASS
ch01,NonOverlappingTemplate,144,6,5,5,12,7,7,6,4,7,5,0.568055,64,64,1.0,False,False,PASS
ch01,NonOverlappingTemplate,145,7,10,4,3,7,6,9,7,6,5,0.637119,64,64,1.0,False,False,PASS
ch01,NonOverlappingTemplate,146,9,5,4,7,7,6,7,7,2,10,0.500934,63,64,0.984375,False,False,PASS
ch01,NonOverlappingTemplate,147,5,14,5,7,5,2,6,12,5,3,0.009998,64,64,1.0,False,False,PASS
ch01,NonOverlappingTemplate,148,2,5,8,6,5,11,8,5,7,7,0.437274,64,64,1.0,False,False,PASS
ch01,OverlappingTemplate,1,6,10,2,5,7,16,5,3,6,4,0.003363,64,64,1.0,False,False,PASS
ch01,Universal,1,6,12,5,7,6,2,11,2,6,7,0.066882,64,64,1.0,False,False,PASS
ch01,ApproximateEntropy,1,3,4,5,3,11,6,10,8,9,5,0.162606,63,64,0.984375,False,False,PASS
ch01,RandomExcursions,1,5,3,4,2,3,5,8,3,2,2,0.195163,37,37,1.0,False,False,PASS
ch01,RandomExcursions,2,4,4,7,2,4,3,1,2,4,6,0.23276,36,37,0.972972972972973,False,False,PASS
ch01,RandomExcursions,3,5,3,2,5,4,3,7,4,1,3,0.32418,37,37,1.0,False,False,PASS
ch01,RandomExcursions,4,2,7,1,4,4,4,3,5,3,4,0.378138,37,37,1.0,False,False,PASS
ch01,RandomExcursions,5,3,1,8,5,3,4,1,5,4,3,0.110952,37,37,1.0,False,False,PASS
ch01,RandomExcursions,6,0,7,2,9,3,2,4,3,4,3,0.009998,37,37,1.0,False,False,PASS
ch01,RandomExcursions,7,3,3,4,2,4,4,4,5,6,2,0.706149,37,37,1.0,False,False,PASS
ch01,RandomExcursions,8,1,4,2,5,5,7,2,4,2,5,0.195163,37,37,1.0,False,False,PASS
ch01,RandomExcursionsVariant,1,6,2,4,3,4,7,3,4,1,3,0.275709,37,37,1.0,False,False,PASS
ch01,RandomExcursionsVariant,2,5,2,6,1,4,4,1,7,2,5,0.090936,37,37,1.0,False,False,PASS
ch01,RandomExcursionsVariant,3,3,4,4,4,1,1,7,3,5,5,0.23276,37,37,1.0,False,False,PASS
ch01,RandomExcursionsVariant,4,2,2,7,1,4,3,3,5,5,5,0.23276,37,37,1.0,False,False,PASS
ch01,RandomExcursionsVariant,5,3,3,4,1,4,1,6,3,5,7,0.162606,36,37,0.972972972972973,False,False,PASS
ch01,RandomExcursionsVariant,6,2,5,3,2,2,2,2,4,10,5,0.01265,36,37,0.972972972972973,False,False,PASS
ch01,RandomExcursionsVariant,7,3,1,4,3,2,6,3,3,6,6,0.275709,36,37,0.972972972972973,False,False,PASS
ch01,RandomExcursionsVariant,8,4,1,2,4,2,4,5,2,5,8,0.110952,36,37,0.972972972972973,False,False,PASS
ch01,RandomExcursionsVariant,9,4,3,4,6,3,1,7,2,2,5,0.195163,36,37,0.972972972972973,False,False,PASS
ch01,RandomExcursionsVariant,10,5,1,2,5,4,3,3,6,4,4,0.500934,37,37,1.0,False,False,PASS
ch01,RandomExcursionsVariant,11,3,5,4,4,6,5,1,2,3,4,0.500934,37,37,1.0,False,False,PASS
ch01,RandomExcursionsVariant,12,2,3,7,2,3,5,6,3,3,3,0.32418,37,37,1.0,False,False,PASS
ch01,RandomExcursionsVariant,13,1,3,3,6,5,2,9,3,2,3,0.031497,37,37,1.0,False,False,PASS
ch01,RandomExcursionsVariant,14,1,5,1,3,6,6,6,3,2,4,0.134686,37,37,1.0,False,False,PASS
ch01,RandomExcursionsVariant,15,2,2,4,4,10,3,3,2,2,5,0.020085,36,37,0.972972972972973,False,False,PASS
ch01,RandomExcursionsVariant,16,3,4,3,4,2,6,7,2,2,4,0.32418,37,37,1.0,False,False,PASS
ch01,RandomExcursionsVariant,17,2,7,2,2,5,1,6,4,5,3,0.134686,37,37,1.0,False,False,PASS
ch01,RandomExcursionsVariant,18,2,5,4,4,1,3,3,7,7,1,0.074177,37,37,1.0,False,False,PASS
ch01,Serial,1,7,10,7,7,7,5,5,7,4,5,0.862344,63,64,0.984375,False,False,PASS
ch01,Serial,2,13,11,6,6,4,2,5,7,4,6,0.054199,64,64,1.0,False,False,PASS
ch01,LinearComplexity,1,3,7,3,4,5,10,5,10,10,7,0.195163,64,64,1.0,False,False,PASS
ch02,Frequency,1,10,9,10,9,6,5,3,3,3,6,0.162606,63,64,0.984375,False,False,PASS
ch02,BlockFrequency,1,6,5,7,3,13,5,7,7,8,3,0.178278,63,64,0.984375,False,False,PASS
ch02,CumulativeSums,1,10,12,7,10,5,8,2,1,5,4,0.017912,63,64,0.984375,False,False,PASS
ch02,CumulativeSums,2,9,7,6,14,4,10,3,3,4,4,0.017912,63,64,0.984375,False,False,PASS
ch02,Runs,1,9,4,7,8,9,11,3,3,6,4,0.195163,63,64,0.984375,False,False,PASS
ch02,LongestRun,1,4,3,11,9,7,8,5,3,9,5,0.213309,64,64,1.0,False,False,PASS
ch02,Rank,1,6,10,5,3,4,8,5,12,7,4,0.178278,64,64,1.0,False,False,PASS
ch02,FFT,1,4,13,6,7,7,7,4,5,5,6,0.32418,64,64,1.0,False,False,PASS
ch02,NonOverlappingTemplate,1,4,5,8,9,5,9,7,7,7,3,0.671779,64,64,1.0,False,False,PASS
ch02,NonOverlappingTemplate,2,7,6,9,4,7,8,7,2,5,9,0.568055,62,64,0.96875,False,False,PASS
ch02,NonOverlappingTemplate,3,4,7,6,4,6,4,4,10,12,7,0.23276,64,64,1.0,False,False,PASS
ch02,NonOverlappingTemplate,4,9,6,7,7,3,4,6,4,10,8,0.534146,62,64,0.96875,False,False,PASS
ch02,NonOverlappingTemplate,5,6,10,8,4,9,4,10,5,4,4,0.32418,63,64,0.984375,False,False,PASS
ch02,NonOverlappingTemplate,6,3,8,8,7,9,6,9,6,4,4,0.602458,64,64,1.0,False,False,PASS
ch02,NonOverlappingTemplate,7,9,8,5,7,9,7,4,5,5,5,0.804337,64,64,1.0,False,False,PASS
ch02,NonOverlappingTemplate,8,9,6,7,6,7,0,6,10,9,4,0.178278,64,64,1.0,False,False,PASS
ch02,NonOverlappingTemplate,9,3,3,10,5,12,7,10,11,2,1,0.002316,64,64,1.0,False,False,PASS
ch02,NonOverlappingTemplate,10,5,7,9,9,3,7,8,3,5,8,0.534146,64,64,1.0,False,False,PASS
ch02,NonOverlappingTemplate,11,12,6,6,2,7,5,6,6,8,6,0.378138,63,64,0.984375,False,False,PASS
ch02,NonOverlappingTemplate,12,4,8,11,7,8,4,6,3,4,9,0.299251,63,64,0.984375,False,False,PASS
ch02,NonOverlappingTemplate,13,9,7,7,8,5,5,5,7,5,6,0.949602,64,64,1.0,False,False,PASS
ch02,NonOverlappingTemplate,14,11,9,6,9,2,9,3,5,5,5,0.148094,64,64,1.0,False,False,PASS
ch02,NonOverlappingTemplate,15,4,4,7,7,8,8,6,8,6,6,0.931952,63,64,0.984375,False,False,PASS
ch02,NonOverlappingTemplate,16,5,6,3,8,3,11,7,12,5,4,0.090936,63,64,0.984375,False,False,PASS
ch02,NonOverlappingTemplate,17,6,6,7,7,7,6,5,7,5,8,0.995711,64,64,1.0,False,False,PASS
ch02,NonOverlappingTemplate,18,4,7,12,3,7,9,6,5,7,4,0.275709,63,64,0.984375,False,False,PASS
ch02,NonOverlappingTemplate,19,7,8,6,3,7,10,5,5,9,4,0.568055,64,64,1.0,False,False,PASS
ch02,NonOverlappingTemplate,20,6,5,5,3,9,7,8,8,7,6,0.834308,63,64,0.984375,False,False,PASS
ch02,NonOverlappingTemplate,21,5,6,4,9,8,6,10,3,10,3,0.253551,63,64,0.984375,False,False,PASS
ch02,NonOverlappingTemplate,22,9,7,1,9,3,5,5,10,5,10,0.100508,63,64,0.984375,False,False,PASS
ch02,NonOverlappingTemplate,23,4,8,8,8,3,8,7,2,9,7,0.407091,64,64,1.0,False,False,PASS
ch02,NonOverlappingTemplate,24,10,8,7,10,5,5,3,7,7,2,0.275709,64,64,1.0,False,False,PASS
ch02,NonOverlappingTemplate,25,9,9,5,10,8,6,1,2,6,8,0.122325,62,64,0.96875,False,False,PASS
ch02,NonOverlappingTemplate,26,5,4,3,8,9,7,2,6,10,10,0.178278,64,64,1.0,False,False,PASS
ch02,NonOverlappingTemplate,27,7,10,3,6,4,6,6,7,7,8,0.739918,63,64,0.984375,False,False,PASS
ch02,NonOverlappingTemplate,28,3,3,7,6,5,7,6,7,13,7,0.213309,64,64,1.0,False,False,PASS
ch02,NonOverlappingTemplate,29,5,7,6,3,5,5,9,8,9,7,0.739918,64,64,1.0,False,False,PASS
ch02,NonOverlappingTemplate,30,11,5,6,4,8,4,4,8,5,9,0.407091,63,64,0.984375,False,False,PASS
ch02,NonOverlappingTemplate,31,4,7,9,6,10,6,5,6,4,7,0.739918,64,64,1.0,False,False,PASS
ch02,NonOverlappingTemplate,32,8,5,8,9,7,6,4,4,8,5,0.804337,64,64,1.0,False,False,PASS
ch02,NonOverlappingTemplate,33,5,7,7,4,10,6,9,4,9,3,0.437274,64,64,1.0,False,False,PASS
ch02,NonOverlappingTemplate,34,8,7,6,7,9,4,6,5,7,5,0.931952,62,64,0.96875,False,False,PASS
ch02,NonOverlappingTemplate,35,7,7,7,6,8,6,5,6,4,8,0.97606,63,64,0.984375,False,False,PASS
ch02,NonOverlappingTemplate,36,7,8,2,6,10,11,3,6,4,7,0.178278,62,64,0.96875,False,False,PASS
ch02,NonOverlappingTemplate,37,1,11,3,6,6,5,12,8,10,2,0.008879,64,64,1.0,False,False,PASS
ch02,NonOverlappingTemplate,38,9,4,7,7,5,6,9,4,8,5,0.77276,63,64,0.984375,False,False,PASS
ch02,NonOverlappingTemplate,39,9,5,8,8,4,7,2,9,4,8,0.407091,64,64,1.0,False,False,PASS
ch02,NonOverlappingTemplate,40,7,4,2,7,4,7,14,5,7,7,0.074177,63,64,0.984375,False,False,PASS
ch02,NonOverlappingTemplate,41,10,7,6,4,7,7,4,7,8,4,0.739918,63,64,0.984375,False,False,PASS
ch02,NonOverlappingTemplate,42,2,4,8,4,9,7,6,4,7,13,0.082177,64,64,1.0,False,False,PASS
ch02,NonOverlappingTemplate,43,2,8,11,4,10,7,6,4,5,7,0.213309,64,64,1.0,False,False,PASS
ch02,NonOverlappingTemplate,44,2,13,9,4,5,7,6,7,4,7,0.110952,64,64,1.0,False,False,PASS
ch02,NonOverlappingTemplate,45,4,9,5,8,4,10,3,6,8,7,0.468595,63,64,0.984375,False,False,PASS
ch02,NonOverlappingTemplate,46,11,5,4,6,9,3,9,1,9,7,0.082177,63,64,0.984375,False,False,PASS
ch02,NonOverlappingTemplate,47,3,5,13,6,6,3,11,7,4,6,0.060239,64,64,1.0,False,False,PASS
ch02,NonOverlappingTemplate,48,8,1,4,6,8,7,6,12,6,6,0.195163,64,64,1.0,False,False,PASS
ch02,NonOverlappingTemplate,49,2,9,6,10,7,6,5,6,6,7,0.602458,64,64,1.0,False,False,PASS
ch02,NonOverlappingTemplate,50,7,9,8,8,9,4,6,3,6,4,0.602458,64,64,1.0,False,False,PASS
ch02,NonOverlappingTemplate,51,10,10,9,5,4,1,10,3,6,6,0.066882,63,64,0.984375,False,False,PASS
ch02,NonOverlappingTemplate,52,8,6,2,3,10,9,7,6,6,7,0.407091,64,64,1.0,False,False,PASS
ch02,NonOverlappingTemplate,53,6,8,3,8,5,9,3,7,9,6,0.568055,63,64,0.984375,False,False,PASS
ch02,NonOverlappingTemplate,54,9,4,6,8,10,7,6,5,4,5,0.671779,63,64,0.984375,False,False,PASS
ch02,NonOverlappingTemplate,55,6,5,7,7,7,7,10,5,7,3,0.804337,62,64,0.96875,False,False,PASS
ch02,NonOverlappingTemplate,56,12,4,13,5,3,4,4,4,4,11,0.00549,62,64,0.96875,False,False,PASS
ch02,NonOverlappingTemplate,57,3,9,12,2,9,4,8,11,3,3,0.009998,64,64,1.0,False,False,PASS
ch02,NonOverlappingTemplate,58,7,1,12,8,7,2,8,7,4,8,0.066882,63,64,0.984375,False,False,PASS
ch02,NonOverlappingTemplate,59,11,4,11,3,7,6,5,10,4,3,0.074177,62,64,0.96875,False,False,PASS
ch02,NonOverlappingTemplate,60,4,4,4,6,13,8,6,5,6,8,0.23276,64,64,1.0,False,False,PASS
ch02,NonOverlappingTemplate,61,6,1,8,9,7,8,2,8,7,8,0.253551,62,64,0.96875,False,False,PASS
ch02,NonOverlappingTemplate,62,6,11,4,7,7,6,10,5,6,2,0.299251,64,64,1.0,False,False,PASS
ch02,NonOverlappingTemplate,63,7,5,5,4,8,8,6,5,11,5,0.637119,64,64,1.0,False,False,PASS
ch02,NonOverlappingTemplate,64,3,6,7,8,8,10,6,7,1,8,0.299251,64,64,1.0,False,False,PASS
ch02,NonOverlappingTemplate,65,10,7,7,4,4,5,6,4,8,9,0.602458,62,64,0.96875,False,False,PASS
ch02,NonOverlappingTemplate,66,9,7,7,7,3,6,7,7,5,6,0.911413,64,64,1.0,False,False,PASS
ch02,NonOverlappingTemplate,67,1,5,7,9,9,10,4,5,7,7,0.253551,64,64,1.0,False,False,PASS
ch02,NonOverlappingTemplate,68,5,6,5,11,8,4,6,3,10,6,0.350485,63,64,0.984375,False,False,PASS
ch02,NonOverlappingTemplate,69,9,2,4,7,4,9,1,11,5,12,0.009998,62,64,0.96875,False,False,PASS
ch02,NonOverlappingTemplate,70,5,6,6,4,6,10,9,6,9,3,0.534146,64,64,1.0,False,False,PASS
ch02,NonOverlappingTemplate,71,10,8,3,1,4,4,6,6,13,9,0.017912,63,64,0.984375,False,False,PASS
ch02,NonOverlappingTemplate,72,4,9,10,6,5,11,4,7,8,0,0.054199,64,64,1.0,False,False,PASS
ch02,NonOverlappingTemplate,73,3,6,6,5,5,4,8,9,10,8,0.534146,63,64,0.984375,False,False,PASS
ch02,NonOverlappingTemplate,74,4,3,11,5,9,8,6,4,7,7,0.378138,64,64,1.0,False,False,PASS
ch02,NonOverlappingTemplate,75,4,5,8,9,5,8,8,7,7,3,0.706149,64,64,1.0,False,False,PASS
ch02,NonOverlappingTemplate,76,3,7,8,10,8,4,6,6,5,7,0.671779,63,64,0.984375,False,False,PASS
ch02,NonOverlappingTemplate,77,10,5,5,6,4,6,10,6,8,4,0.568055,63,64,0.984375,False,False,PASS
ch02,NonOverlappingTemplate,78,6,4,9,1,12,10,7,6,7,2,0.035174,64,64,1.0,False,False,PASS
ch02,NonOverlappingTemplate,79,8,8,8,8,1,9,6,3,7,6,0.350485,64,64,1.0,False,False,PASS
ch02,NonOverlappingTemplate,80,5,7,11,5,8,6,6,5,5,6,0.77276,63,64,0.984375,False,False,PASS
ch02,NonOverlappingTemplate,81,6,8,7,2,6,7,5,7,9,7,0.77276,64,64,1.0,False,False,PASS
ch02,NonOverlappingTemplate,82,12,9,4,4,8,6,4,5,5,7,0.299251,64,64,1.0,False,False,PASS
ch02,NonOverlappingTemplate,83,3,3,7,3,4,13,5,10,11,5,0.014216,64,64,1.0,False,False,PASS
ch02,NonOverlappingTemplate,84,9,3,5,5,5,10,8,8,5,6,0.568055,63,64,0.984375,False,False,PASS
ch02,NonOverlappingTemplate,85,4,4,13,5,8,2,5,10,7,6,0.066882,63,64,0.984375,False,False,PASS
ch02,NonOverlappingTemplate,86,3,8,10,4,5,6,10,5,7,6,0.468595,63,64,0.984375,False,False,PASS
ch02,NonOverlappingTemplate,87,8,2,5,8,6,4,8,9,7,7,0.602458,62,64,0.96875,False,False,PASS
ch02,NonOverlappingTemplate,88,5,5,7,5,4,11,9,4,7,7,0.534146,63,64,0.984375,False,False,PASS
ch02,NonOverlappingTemplate,89,9,7,4,6,11,5,9,6,5,2,0.275709,64,64,1.0,False,False,PASS
ch02,NonOverlappingTemplate,90,11,8,6,5,2,8,12,5,4,3,0.054199,63,64,0.984375,False,False,PASS
ch02,NonOverlappingTemplate,91,7,6,7,7,7,5,6,4,6,9,0.964295,64,64,1.0,False,False,PASS
ch02,NonOverlappingTemplate,92,5,10,9,4,6,12,3,6,7,2,0.082177,63,64,0.984375,False,False,PASS
ch02,NonOverlappingTemplate,93,6,5,14,4,4,5,7,5,7,7,0.162606,64,64,1.0,False,False,PASS
ch02,NonOverlappingTemplate,94,4,8,4,4,4,9,10,3,10,8,0.195163,64,64,1.0,False,False,PASS
ch02,NonOverlappingTemplate,95,6,7,1,11,8,12,4,6,5,4,0.054199,64,64,1.0,False,False,PASS
ch02,NonOverlappingTemplate,96,7,10,5,3,5,8,3,6,10,7,0.378138,64,64,1.0,False,False,PASS
ch02,NonOverlappingTemplate,97,7,9,7,5,7,7,8,9,2,3,0.468595,64,64,1.0,False,False,PASS
ch02,NonOverlappingTemplate,98,7,7,6,5,6,5,8,7,10,3,0.77276,62,64,0.96875,False,False,PASS
ch02,NonOverlappingTemplate,99,5,5,12,11,5,4,6,7,7,2,0.110952,64,64,1.0,False,False,PASS
ch02,NonOverlappingTemplate,100,1,7,5,8,10,8,3,5,8,9,0.195163,64,64,1.0,False,False,PASS
ch02,NonOverlappingTemplate,101,9,6,3,3,8,5,12,1,5,12,0.009998,63,64,0.984375,False,False,PASS
ch02,NonOverlappingTemplate,102,7,7,6,8,3,3,8,7,5,10,0.568055,63,64,0.984375,False,False,PASS
ch02,NonOverlappingTemplate,103,6,7,6,9,7,7,5,9,3,5,0.804337,64,64,1.0,False,False,PASS
ch02,NonOverlappingTemplate,104,3,6,6,16,4,5,5,6,7,6,0.022503,64,64,1.0,False,False,PASS
ch02,NonOverlappingTemplate,105,5,6,3,9,5,8,6,5,9,8,0.706149,63,64,0.984375,False,False,PASS
ch02,NonOverlappingTemplate,106,5,6,5,7,4,7,10,11,4,5,0.437274,63,64,0.984375,False,False,PASS
ch02,NonOverlappingTemplate,107,11,4,4,6,7,6,9,4,5,8,0.468595,64,64,1.0,False,False,PASS
ch02,NonOverlappingTemplate,108,5,7,5,7,9,2,6,6,10,7,0.568055,64,64,1.0,False,False,PASS
ch02,NonOverlappingTemplate,109,9,7,5,3,12,3,6,3,7,9,0.122325,64,64,1.0,False,False,PASS
ch02,NonOverlappingTemplate,110,4,2,6,7,7,6,9,8,12,3,0.148094,64,64,1.0,False,False,PASS
ch02,NonOverlappingTemplate,111,10,6,7,5,2,13,4,10,5,2,0.017912,64,64,1.0,False,False,PASS
ch02,NonOverlappingTemplate,112,7,6,6,6,7,2,7,7,7,9,0.834308,61,64,0.953125,False,False,PASS
ch02,NonOverlappingTemplate,113,8,4,7,4,6,8,6,8,5,8,0.888137,63,64,0.984375,False,False,PASS
ch02,NonOverlappingTemplate,114,9,7,6,6,7,5,6,7,5,6,0.985035,63,64,0.984375,False,False,PASS
ch02,NonOverlappingTemplate,115,4,11,5,5,5,8,7,8,4,7,0.568055,64,64,1.0,False,False,PASS
ch02,NonOverlappingTemplate,116,4,10,3,7,5,4,7,8,6,10,0.407091,63,64,0.984375,False,False,PASS
ch02,NonOverlappingTemplate,117,14,6,5,6,7,7,2,8,4,5,0.082177,64,64,1.0,False,False,PASS
ch02,NonOverlappingTemplate,118,9,7,5,7,5,6,3,12,4,6,0.32418,64,64,1.0,False,False,PASS
ch02,NonOverlappingTemplate,119,6,14,4,8,5,5,0,8,6,8,0.020085,62,64,0.96875,False,False,PASS
ch02,NonOverlappingTemplate,120,10,5,7,4,10,3,7,8,3,7,0.32418,63,64,0.984375,False,False,PASS
ch02,NonOverlappingTemplate,121,6,8,8,3,3,3,5,8,7,13,0.090936,64,64,1.0,False,False,PASS
ch02,NonOverlappingTemplate,122,1,4,8,9,4,2,7,8,12,9,0.028181,64,64,1.0,False,False,PASS
ch02,NonOverlappingTemplate,123,6,6,8,3,8,5,11,3,7,7,0.437274,62,64,0.96875,False,False,PASS
ch02,NonOverlappingTemplate,124,9,7,6,6,4,9,7,4,7,5,0.834308,63,64,0.984375,False,False,PASS
ch02,NonOverlappingTemplate,125,8,5,6,3,7,6,12,6,5,6,0.468595,64,64,1.0,False,False,PASS
ch02,NonOverlappingTemplate,126,7,5,4,8,7,3,6,8,6,10,0.671779,63,64,0.984375,False,False,PASS
ch02,NonOverlappingTemplate,127,5,8,5,5,7,8,3,7,8,8,0.834308,64,64,1.0,False,False,PASS
ch02,NonOverlappingTemplate,128,2,6,4,8,12,9,7,7,6,3,0.148094,64,64,1.0,False,False,PASS
ch02,NonOverlappingTemplate,129,10,6,5,6,5,8,5,5,8,6,0.862344,63,64,0.984375,False,False,PASS
ch02,NonOverlappingTemplate,130,4,10,8,9,4,6,6,2,7,8,0.378138,64,64,1.0,False,False,PASS
ch02,NonOverlappingTemplate,131,5,6,9,7,4,9,3,7,7,7,0.739918,63,64,0.984375,False,False,PASS
ch02,NonOverlappingTemplate,132,3,6,6,7,5,7,7,10,7,6,0.834308,63,64,0.984375,False,False,PASS
ch02,NonOverlappingTemplate,133,7,10,7,5,7,6,9,4,5,4,0.706149,64,64,1.0,False,False,PASS
ch02,NonOverlappingTemplate,134,4,6,8,6,4,7,12,7,3,7,0.350485,64,64,1.0,False,False,PASS
ch02,NonOverlappingTemplate,135,8,3,8,6,7,7,7,6,3,9,0.706149,63,64,0.984375,False,False,PASS
ch02,NonOverlappingTemplate,136,9,6,5,7,6,3,3,6,12,7,0.275709,63,64,0.984375,False,False,PASS
ch02,NonOverlappingTemplate,137,4,7,4,10,6,9,6,3,11,4,0.213309,64,64,1.0,False,False,PASS
ch02,NonOverlappingTemplate,138,3,7,5,8,9,7,7,5,7,6,0.862344,64,64,1.0,False,False,PASS
ch02,NonOverlappingTemplate,139,12,6,8,9,6,9,4,2,1,7,0.043745,63,64,0.984375,False,False,PASS
ch02,NonOverlappingTemplate,140,3,10,3,7,5,7,9,9,6,5,0.407091,63,64,0.984375,False,False,PASS
ch02,NonOverlappingTemplate,141,8,4,7,7,6,1,8,8,7,8,0.534146,63,64,0.984375,False,False,PASS
ch02,NonOverlappingTemplate,142,9,4,11,10,2,5,6,6,3,8,0.122325,63,64,0.984375,False,False,PASS
ch02,NonOverlappingTemplate,143,5,3,7,9,8,4,6,6,9,7,0.706149,64,64,1.0,False,False,PASS
ch02,NonOverlappingTemplate,144,5,6,5,6,8,8,6,4,10,6,0.834308,64,64,1.0,False,False,PASS
ch02,NonOverlappingTemplate,145,8,4,7,11,3,6,5,7,9,4,0.378138,64,64,1.0,False,False,PASS
ch02,NonOverlappingTemplate,146,9,8,6,5,7,6,4,6,4,9,0.804337,64,64,1.0,False,False,PASS
ch02,NonOverlappingTemplate,147,5,9,6,5,4,3,9,9,5,9,0.468595,64,64,1.0,False,False,PASS
ch02,NonOverlappingTemplate,148,5,2,11,5,9,8,6,4,7,7,0.32418,64,64,1.0,False,False,PASS
ch02,OverlappingTemplate,1,3,5,6,6,3,11,9,6,6,9,0.32418,64,64,1.0,False,False,PASS
ch02,Universal,1,5,8,7,9,4,4,9,4,8,6,0.671779,62,64,0.96875,False,False,PASS
ch02,ApproximateEntropy,1,10,3,8,6,3,8,8,3,9,6,0.299251,64,64,1.0,False,False,PASS
ch02,RandomExcursions,1,3,5,3,0,0,6,2,4,6,4,0.110952,33,33,1.0,False,False,PASS
ch02,RandomExcursions,2,0,1,2,2,3,4,2,7,9,3,0.006196,33,33,1.0,False,False,PASS
ch02,RandomExcursions,3,3,6,3,4,1,2,2,2,5,5,0.500934,33,33,1.0,False,False,PASS
ch02,RandomExcursions,4,2,2,4,4,1,4,5,3,3,5,0.77276,33,33,1.0,False,False,PASS
ch02,RandomExcursions,5,6,1,2,3,3,4,4,1,5,4,0.500934,33,33,1.0,False,False,PASS
ch02,RandomExcursions,6,7,1,2,1,2,5,1,5,6,3,0.074177,32,33,0.9696969696969697,False,False,PASS
ch02,RandomExcursions,7,4,5,2,3,2,4,3,3,4,3,0.964295,32,33,0.9696969696969697,False,False,PASS
ch02,RandomExcursions,8,4,4,3,6,4,5,0,2,2,3,0.437274,32,33,0.9696969696969697,False,False,PASS
ch02,RandomExcursionsVariant,1,1,4,3,2,1,4,3,4,8,3,0.195163,33,33,1.0,False,False,PASS
ch02,RandomExcursionsVariant,2,2,1,4,3,0,5,4,4,8,2,0.074177,32,33,0.9696969696969697,False,False,PASS
ch02,RandomExcursionsVariant,3,2,1,4,1,2,9,1,5,3,5,0.020085,33,33,1.0,False,False,PASS
ch02,RandomExcursionsVariant,4,2,4,0,4,3,1,5,6,4,4,0.32418,33,33,1.0,False,False,PASS
ch02,RandomExcursionsVariant,5,2,2,4,4,3,2,3,7,3,3,0.637119,33,33,1.0,False,False,PASS
ch02,RandomExcursionsVariant,6,2,3,3,3,7,5,3,3,2,2,0.568055,33,33,1.0,False,False,PASS
ch02,RandomExcursionsVariant,7,1,3,1,6,3,8,2,3,2,4,0.090936,33,33,1.0,False,False,PASS
ch02,RandomExcursionsVariant,8,1,2,2,2,6,3,4,2,7,4,0.23276,33,33,1.0,False,False,PASS
ch02,RandomExcursionsVariant,9,1,3,3,4,3,4,4,4,4,3,0.964295,33,33,1.0,False,False,PASS
ch02,RandomExcursionsVariant,10,4,3,3,1,3,3,6,4,2,4,0.77276,32,33,0.9696969696969697,False,False,PASS
ch02,RandomExcursionsVariant,11,5,3,1,3,2,2,6,6,3,2,0.378138,31,33,0.9393939393939394,False,False,PASS
ch02,RandomExcursionsVariant,12,3,4,4,4,0,5,2,2,3,6,0.437274,32,33,0.9696969696969697,False,False,PASS
ch02,RandomExcursionsVariant,13,2,6,3,3,0,5,5,0,5,4,0.134686,32,33,0.9696969696969697,False,False,PASS
ch02,RandomExcursionsVariant,14,4,3,3,4,2,3,4,4,5,1,0.888137,32,33,0.9696969696969697,False,False,PASS
ch02,RandomExcursionsVariant,15,2,4,3,4,4,4,2,6,2,2,0.77276,32,33,0.9696969696969697,False,False,PASS
ch02,RandomExcursionsVariant,16,2,4,0,7,8,2,4,4,0,2,0.009998,32,33,0.9696969696969697,False,False,PASS
ch02,RandomExcursionsVariant,17,2,3,3,3,3,6,1,8,2,2,0.134686,32,33,0.9696969696969697,False,False,PASS
ch02,RandomExcursionsVariant,18,2,5,1,1,4,6,2,5,4,3,0.378138,33,33,1.0,False,False,PASS
ch02,Serial,1,5,9,8,4,7,4,12,8,3,4,0.178278,63,64,0.984375,False,False,PASS
ch02,Serial,2,7,3,8,11,8,8,5,7,4,3,0.32418,63,64,0.984375,False,False,PASS
ch02,LinearComplexity,1,4,5,7,6,9,6,5,9,4,9,0.706149,64,64,1.0,False,False,PASS
ch03,Frequency,1,6,7,5,6,6,6,13,8,4,3,0.253551,64,64,1.0,False,False,PASS
ch03,BlockFrequency,1,3,4,8,6,4,7,10,6,8,8,0.568055,64,64,1.0,False,False,PASS
ch03,CumulativeSums,1,8,5,7,7,8,4,8,8,4,5,0.862344,64,64,1.0,False,False,PASS
ch03,CumulativeSums,2,3,9,6,7,5,9,5,7,6,7,0.804337,64,64,1.0,False,False,PASS
ch03,Runs,1,6,9,4,8,10,2,7,10,4,4,0.195163,64,64,1.0,False,False,PASS
ch03,LongestRun,1,6,6,4,8,3,5,3,9,7,13,0.110952,63,64,0.984375,False,False,PASS
ch03,Rank,1,8,4,9,7,9,6,7,3,6,5,0.706149,62,64,0.96875,False,False,PASS
ch03,FFT,1,10,11,2,8,8,5,4,6,6,4,0.195163,63,64,0.984375,False,False,PASS
ch03,NonOverlappingTemplate,1,7,4,5,2,4,13,5,9,7,8,0.090936,63,64,0.984375,False,False,PASS
ch03,NonOverlappingTemplate,2,6,5,6,5,4,8,9,7,7,7,0.931952,63,64,0.984375,False,False,PASS
ch03,NonOverlappingTemplate,3,4,6,6,5,7,5,7,7,8,9,0.931952,64,64,1.0,False,False,PASS
ch03,NonOverlappingTemplate,4,9,9,6,5,5,6,9,6,5,4,0.77276,63,64,0.984375,False,False,PASS
ch03,NonOverlappingTemplate,5,3,7,10,8,7,6,8,7,6,2,0.468595,64,64,1.0,False,False,PASS
ch03,NonOverlappingTemplate,6,5,4,6,5,9,7,4,6,8,10,0.671779,63,64,0.984375,False,False,PASS
ch03,NonOverlappingTemplate,7,7,12,3,3,7,11,5,4,6,6,0.110952,63,64,0.984375,False,False,PASS
ch03,NonOverlappingTemplate,8,3,6,7,6,7,5,6,8,7,9,0.888137,63,64,0.984375,False,False,PASS
ch03,NonOverlappingTemplate,9,2,8,8,8,5,6,9,5,6,7,0.671779,64,64,1.0,False,False,PASS
ch03,NonOverlappingTemplate,10,8,9,6,8,5,3,4,6,10,5,0.534146,63,64,0.984375,False,False,PASS
ch03,NonOverlappingTemplate,11,2,7,7,3,10,6,4,5,16,4,0.002624,64,64,1.0,False,False,PASS
ch03,NonOverlappingTemplate,12,4,6,9,9,4,8,6,6,6,6,0.834308,64,64,1.0,False,False,PASS
ch03,NonOverlappingTemplate,13,7,8,6,4,5,6,8,10,5,5,0.804337,64,64,1.0,False,False,PASS
ch03,NonOverlappingTemplate,14,8,6,9,8,4,4,5,5,9,6,0.739918,62,64,0.96875,False,False,PASS
ch03,NonOverlappingTemplate,15,3,8,5,12,5,7,5,7,5,7,0.407091,64,64,1.0,False,False,PASS
ch03,NonOverlappingTemplate,16,7,5,6,5,6,4,8,10,4,9,0.671779,64,64,1.0,False,False,PASS
ch03,NonOverlappingTemplate,17,9,3,4,7,8,5,6,9,8,5,0.637119,62,64,0.96875,False,False,PASS
ch03,NonOverlappingTemplate,18,7,6,4,9,7,11,4,6,5,5,0.568055,64,64,1.0,False,False,PASS
ch03,NonOverlappingTemplate,19,4,7,9,7,9,5,6,6,8,3,0.706149,64,64,1.0,False,False,PASS
ch03,NonOverlappingTemplate,20,7,5,9,6,4,10,3,9,4,7,0.437274,61,64,0.953125,False,False,PASS
ch03,NonOverlappingTemplate,21,4,10,5,3,6,7,6,10,7,6,0.534146,64,64,1.0,False,False,PASS
ch03,NonOverlappingTemplate,22,13,3,9,4,11,3,4,5,6,6,0.031497,64,64,1.0,False,False,PASS
ch03,NonOverlappingTemplate,23,8,11,6,4,8,7,4,4,8,4,0.437274,64,64,1.0,False,False,PASS
ch03,NonOverlappingTemplate,24,9,13,6,6,3,5,3,10,5,4,0.060239,64,64,1.0,False,False,PASS
ch03,NonOverlappingTemplate,25,9,4,6,6,9,3,5,7,9,6,0.637119,64,64,1.0,False,False,PASS
ch03,NonOverlappingTemplate,26,7,5,5,8,4,8,5,8,8,6,0.911413,64,64,1.0,False,False,PASS
ch03,NonOverlappingTemplate,27,11,6,9,7,3,3,8,7,5,5,0.350485,64,64,1.0,False,False,PASS
ch03,NonOverlappingTemplate,28,4,2,10,6,8,6,6,5,7,10,0.378138,63,64,0.984375,False,False,PASS
ch03,NonOverlappingTemplate,29,10,6,6,2,6,7,4,4,11,8,0.23276,64,64,1.0,False,False,PASS
ch03,NonOverlappingTemplate,30,3,8,6,6,3,8,8,10,6,6,0.568055,64,64,1.0,False,False,PASS
ch03,NonOverlappingTemplate,31,6,2,7,7,4,8,10,10,3,7,0.253551,64,64,1.0,False,False,PASS
ch03,NonOverlappingTemplate,32,13,5,6,7,5,6,5,7,2,8,0.195163,62,64,0.96875,False,False,PASS
ch03,NonOverlappingTemplate,33,6,4,3,7,10,4,8,8,6,8,0.568055,64,64,1.0,False,False,PASS
ch03,NonOverlappingTemplate,34,2,11,5,2,5,7,10,4,8,10,0.054199,63,64,0.984375,False,False,PASS
ch03,NonOverlappingTemplate,35,3,8,3,9,7,5,5,10,8,6,0.437274,63,64,0.984375,False,False,PASS
ch03,NonOverlappingTemplate,36,7,8,7,8,5,6,5,2,7,9,0.706149,64,64,1.0,False,False,PASS
ch03,NonOverlappingTemplate,37,1,9,6,8,10,7,3,6,5,9,0.195163,64,64,1.0,False,False,PASS
ch03,NonOverlappingTemplate,38,6,13,10,5,5,6,5,3,9,2,0.048716,63,64,0.984375,False,False,PASS
ch03,NonOverlappingTemplate,39,6,4,13,7,1,5,10,8,5,5,0.048716,64,64,1.0,False,False,PASS
ch03,NonOverlappingTemplate,40,4,12,6,6,6,6,8,5,9,2,0.23276,64,64,1.0,False,False,PASS
ch03,NonOverlappingTemplate,41,3,8,10,8,5,9,8,4,3,6,0.350485,64,64,1.0,False,False,PASS
ch03,NonOverlappingTemplate,42,4,10,10,8,7,5,5,1,10,4,0.100508,63,64,0.984375,False,False,PASS
ch03,NonOverlappingTemplate,43,7,9,7,9,8,5,4,4,4,7,0.706149,64,64,1.0,False,False,PASS
ch03,NonOverlappingTemplate,44,6,7,6,7,6,3,7,5,11,6,0.706149,64,64,1.0,False,False,PASS
ch03,NonOverlappingTemplate,45,5,3,8,9,4,7,8,4,8,8,0.602458,63,64,0.984375,False,False,PASS
ch03,NonOverlappingTemplate,46,8,5,3,5,10,5,6,4,10,8,0.407091,64,64,1.0,False,False,PASS
ch03,NonOverlappingTemplate,47,6,4,11,6,7,6,5,5,7,7,0.77276,64,64,1.0,False,False,PASS
ch03,NonOverlappingTemplate,48,5,6,6,7,8,5,10,6,4,7,0.862344,64,64,1.0,False,False,PASS
ch03,NonOverlappingTemplate,49,5,9,8,6,3,4,4,10,6,9,0.407091,64,64,1.0,False,False,PASS
ch03,NonOverlappingTemplate,50,4,5,9,6,9,6,12,4,4,5,0.253551,63,64,0.984375,False,False,PASS
ch03,NonOverlappingTemplate,51,11,8,8,8,7,6,3,6,2,5,0.299251,62,64,0.96875,False,False,PASS
ch03,NonOverlappingTemplate,52,7,4,9,7,7,3,8,5,7,7,0.804337,62,64,0.96875,False,False,PASS
ch03,NonOverlappingTemplate,53,7,9,2,7,9,1,5,3,13,8,0.014216,63,64,0.984375,False,False,PASS
ch03,NonOverlappingTemplate,54,9,8,9,4,8,6,5,5,5,5,0.77276,62,64,0.96875,False,False,PASS
ch03,NonOverlappingTemplate,55,4,4,5,9,8,8,5,8,5,8,0.739918,64,64,1.0,False,False,PASS
ch03,NonOverlappingTemplate,56,8,5,9,5,4,6,13,5,3,6,0.162606,63,64,0.984375,False,False,PASS
ch03,NonOverlappingTemplate,57,5,10,6,8,7,5,8,4,5,6,0.804337,64,64,1.0,False,False,PASS
ch03,NonOverlappingTemplate,58,5,5,11,11,6,6,4,6,3,7,0.275709,64,64,1.0,False,False,PASS
ch03,NonOverlappingTemplate,59,4,4,10,6,4,5,8,7,12,4,0.195163,63,64,0.984375,False,False,PASS
ch03,NonOverlappingTemplate,60,4,8,8,7,5,5,5,6,7,9,0.888137,63,64,0.984375,False,False,PASS
ch03,NonOverlappingTemplate,61,11,7,1,4,9,8,5,7,4,8,0.162606,63,64,0.984375,False,False,PASS
ch03,NonOverlappingTemplate,62,5,7,6,6,10,7,4,6,6,7,0.911413,64,64,1.0,False,False,PASS
ch03,NonOverlappingTemplate,63,3,11,6,7,8,2,2,8,6,11,0.054199,64,64,1.0,False,False,PASS
ch03,NonOverlappingTemplate,64,8,4,6,7,5,7,5,7,7,8,0.964295,61,64,0.953125,False,False,PASS
ch03,NonOverlappingTemplate,65,8,9,6,3,7,4,8,6,8,5,0.739918,64,64,1.0,False,False,PASS
ch03,NonOverlappingTemplate,66,7,9,5,6,5,5,9,9,5,4,0.739918,63,64,0.984375,False,False,PASS
ch03,NonOverlappingTemplate,67,5,11,5,4,5,6,8,9,5,6,0.568055,63,64,0.984375,False,False,PASS
ch03,NonOverlappingTemplate,68,5,2,6,11,9,8,5,6,5,7,0.378138,64,64,1.0,False,False,PASS
ch03,NonOverlappingTemplate,69,6,8,8,10,7,6,3,5,4,7,0.671779,63,64,0.984375,False,False,PASS
ch03,NonOverlappingTemplate,70,9,8,1,6,7,4,8,7,9,5,0.378138,64,64,1.0,False,False,PASS
ch03,NonOverlappingTemplate,71,5,9,6,6,6,9,3,6,9,5,0.706149,62,64,0.96875,False,False,PASS
ch03,NonOverlappingTemplate,72,3,14,8,6,4,3,8,4,9,5,0.035174,64,64,1.0,False,False,PASS
ch03,NonOverlappingTemplate,73,7,8,7,3,4,3,12,8,7,5,0.23276,63,64,0.984375,False,False,PASS
ch03,NonOverlappingTemplate,74,4,5,3,3,8,5,7,9,12,8,0.162606,64,64,1.0,False,False,PASS
ch03,NonOverlappingTemplate,75,7,4,5,2,4,13,5,10,6,8,0.066882,63,64,0.984375,False,False,PASS
ch03,NonOverlappingTemplate,76,6,6,6,10,5,8,7,4,9,3,0.602458,63,64,0.984375,False,False,PASS
ch03,NonOverlappingTemplate,77,9,8,7,4,4,12,5,3,4,8,0.178278,61,64,0.953125,False,False,PASS
ch03,NonOverlappingTemplate,78,10,7,12,4,5,6,3,6,5,6,0.253551,63,64,0.984375,False,False,PASS
ch03,NonOverlappingTemplate,79,7,6,2,8,8,12,5,6,7,3,0.213309,63,64,0.984375,False,False,PASS
ch03,NonOverlappingTemplate,80,7,6,6,7,8,7,7,5,9,2,0.77276,63,64,0.984375,False,False,PASS
ch03,NonOverlappingTemplate,81,8,7,8,5,7,8,4,8,5,4,0.862344,64,64,1.0,False,False,PASS
ch03,NonOverlappingTemplate,82,5,3,11,9,9,6,5,4,7,5,0.350485,64,64,1.0,False,False,PASS
ch03,NonOverlappingTemplate,83,6,5,9,5,10,11,4,6,4,4,0.299251,64,64,1.0,False,False,PASS
ch03,NonOverlappingTemplate,84,4,4,5,10,9,7,4,5,5,11,0.275709,64,64,1.0,False,False,PASS
ch03,NonOverlappingTemplate,85,8,6,13,3,8,6,5,3,6,6,0.178278,63,64,0.984375,False,False,PASS
ch03,NonOverlappingTemplate,86,5,6,5,5,6,4,11,4,15,3,0.01265,64,64,1.0,False,False,PASS
ch03,NonOverlappingTemplate,87,3,5,7,8,7,10,6,7,6,5,0.77276,64,64,1.0,False,False,PASS
ch03,NonOverlappingTemplate,88,5,10,6,7,5,6,5,5,9,6,0.834308,63,64,0.984375,False,False,PASS
ch03,NonOverlappingTemplate,89,6,11,8,2,4,9,3,6,5,10,0.122325,64,64,1.0,False,False,PASS
ch03,NonOverlappingTemplate,90,9,8,2,8,5,9,7,6,3,7,0.437274,62,64,0.96875,False,False,PASS
ch03,NonOverlappingTemplate,91,10,5,5,2,7,9,9,4,5,8,0.32418,63,64,0.984375,False,False,PASS
ch03,NonOverlappingTemplate,92,4,6,5,6,8,9,4,8,6,8,0.834308,63,64,0.984375,False,False,PASS
ch03,NonOverlappingTemplate,93,5,4,3,9,6,7,7,15,3,5,0.022503,63,64,0.984375,False,False,PASS
ch03,NonOverlappingTemplate,94,4,3,5,10,8,7,7,4,6,10,0.407091,64,64,1.0,False,False,PASS
ch03,NonOverlappingTemplate,95,9,7,9,5,5,4,6,7,8,4,0.77276,64,64,1.0,False,False,PASS
ch03,NonOverlappingTemplate,96,7,8,7,6,8,5,6,6,4,7,0.97606,63,64,0.984375,False,False,PASS
ch03,NonOverlappingTemplate,97,6,5,7,5,5,10,6,8,6,6,0.911413,63,64,0.984375,False,False,PASS
ch03,NonOverlappingTemplate,98,6,2,7,8,6,6,5,10,11,3,0.213309,63,64,0.984375,False,False,PASS
ch03,NonOverlappingTemplate,99,6,6,12,6,1,4,12,6,6,5,0.048716,63,64,0.984375,False,False,PASS
ch03,NonOverlappingTemplate,100,6,6,3,6,10,4,8,10,7,4,0.437274,63,64,0.984375,False,False,PASS
ch03,NonOverlappingTemplate,101,6,5,5,5,7,6,6,7,5,12,0.637119,64,64,1.0,False,False,PASS
ch03,NonOverlappingTemplate,102,5,7,9,8,1,4,4,11,6,9,0.134686,63,64,0.984375,False,False,PASS
ch03,NonOverlappingTemplate,103,6,9,3,9,6,5,6,9,6,5,0.706149,62,64,0.96875,False,False,PASS
ch03,NonOverlappingTemplate,104,4,10,9,4,5,10,7,7,3,5,0.32418,64,64,1.0,False,False,PASS
ch03,NonOverlappingTemplate,105,4,8,6,3,9,7,7,6,6,8,0.804337,64,64,1.0,False,False,PASS
ch03,NonOverlappingTemplate,106,7,5,3,5,3,10,5,11,7,8,0.253551,63,64,0.984375,False,False,PASS
ch03,NonOverlappingTemplate,107,8,5,9,6,8,6,4,4,6,8,0.834308,63,64,0.984375,False,False,PASS
ch03,NonOverlappingTemplate,108,3,6,9,4,9,6,8,6,7,6,0.739918,64,64,1.0,False,False,PASS
ch03,NonOverlappingTemplate,109,8,7,6,3,8,6,4,8,3,11,0.350485,63,64,0.984375,False,False,PASS
ch03,NonOverlappingTemplate,110,7,5,3,8,3,11,7,9,6,5,0.350485,62,64,0.96875,False,False,PASS
ch03,NonOverlappingTemplate,111,7,8,7,7,2,3,9,9,7,5,0.468595,62,64,0.96875,False,False,PASS
ch03,NonOverlappingTemplate,112,5,10,5,6,4,5,8,4,10,7,0.534146,64,64,1.0,False,False,PASS
ch03,NonOverlappingTemplate,113,6,5,5,9,6,6,7,9,6,5,0.931952,64,64,1.0,False,False,PASS
ch03,NonOverlappingTemplate,114,5,11,5,5,7,8,5,5,4,9,0.534146,62,64,0.96875,False,False,PASS
ch03,NonOverlappingTemplate,115,4,4,6,6,8,8,3,9,9,7,0.602458,64,64,1.0,False,False,PASS
ch03,NonOverlappingTemplate,116,7,6,5,4,12,7,6,7,5,5,0.568055,63,64,0.984375,False,False,PASS
ch03,NonOverlappingTemplate,117,2,4,8,8,5,4,6,7,10,10,0.275709,64,64,1.0,False,False,PASS
ch03,NonOverlappingTemplate,118,5,5,8,4,9,4,4,8,10,7,0.534146,64,64,1.0,False,False,PASS
ch03,NonOverlappingTemplate,119,6,6,3,7,9,3,6,11,4,9,0.275709,64,64,1.0,False,False,PASS
ch03,NonOverlappingTemplate,120,5,8,8,5,6,10,2,6,8,6,0.568055,63,64,0.984375,False,False,PASS
ch03,NonOverlappingTemplate,121,9,5,5,6,6,13,3,6,6,5,0.23276,63,64,0.984375,False,False,PASS
ch03,NonOverlappingTemplate,122,4,5,7,8,11,5,7,9,4,4,0.437274,64,64,1.0,False,False,PASS
ch03,NonOverlappingTemplate,123,6,7,9,6,7,9,5,4,4,7,0.834308,64,64,1.0,False,False,PASS
ch03,NonOverlappingTemplate,124,4,7,5,8,8,9,4,5,4,10,0.534146,64,64,1.0,False,False,PASS
ch03,NonOverlappingTemplate,125,7,7,6,4,5,7,7,8,3,10,0.706149,64,64,1.0,False,False,PASS
ch03,NonOverlappingTemplate,126,4,7,8,6,1,9,5,6,9,9,0.32418,64,64,1.0,False,False,PASS
ch03,NonOverlappingTemplate,127,5,6,7,11,4,8,6,7,6,4,0.671779,64,64,1.0,False,False,PASS
ch03,NonOverlappingTemplate,128,3,7,8,4,4,11,10,6,6,5,0.299251,64,64,1.0,False,False,PASS
ch03,NonOverlappingTemplate,129,6,6,6,7,10,10,5,7,5,2,0.468595,62,64,0.96875,False,False,PASS
ch03,NonOverlappingTemplate,130,8,5,7,9,7,2,9,6,5,6,0.637119,62,64,0.96875,False,False,PASS
ch03,NonOverlappingTemplate,131,6,4,9,6,7,10,5,5,9,3,0.500934,64,64,1.0,False,False,PASS
ch03,NonOverlappingTemplate,132,6,6,4,5,10,12,2,7,5,7,0.178278,62,64,0.96875,False,False,PASS
ch03,NonOverlappingTemplate,133,7,7,7,8,8,6,6,8,3,4,0.862344,63,64,0.984375,False,False,PASS
ch03,NonOverlappingTemplate,134,9,5,5,4,4,7,10,8,8,4,0.534146,64,64,1.0,False,False,PASS
ch03,NonOverlappingTemplate,135,4,5,10,6,3,7,4,11,8,6,0.299251,64,64,1.0,False,False,PASS
ch03,NonOverlappingTemplate,136,5,5,2,6,6,8,10,9,8,5,0.468595,64,64,1.0,False,False,PASS
ch03,NonOverlappingTemplate,137,5,8,6,7,5,2,7,10,9,5,0.500934,64,64,1.0,False,False,PASS
ch03,NonOverlappingTemplate,138,9,2,5,9,6,11,7,3,6,6,0.23276,62,64,0.96875,False,False,PASS
ch03,NonOverlappingTemplate,139,2,6,8,7,3,4,7,8,9,10,0.299251,64,64,1.0,False,False,PASS
ch03,NonOverlappingTemplate,140,5,1,5,8,9,4,4,11,10,7,0.090936,63,64,0.984375,False,False,PASS
ch03,NonOverlappingTemplate,141,9,8,5,6,8,5,4,7,7,5,0.888137,63,64,0.984375,False,False,PASS
ch03,NonOverlappingTemplate,142,8,7,9,5,4,3,5,8,6,9,0.637119,63,64,0.984375,False,False,PASS
ch03,NonOverlappingTemplate,143,12,8,5,5,8,9,8,3,2,4,0.100508,64,64,1.0,False,False,PASS
ch03,NonOverlappingTemplate,144,4,4,5,7,6,10,6,6,10,6,0.637119,64,64,1.0,False,False,PASS
ch03,NonOverlappingTemplate,145,5,9,7,9,7,9,4,8,4,2,0.378138,63,64,0.984375,False,False,PASS
ch03,NonOverlappingTemplate,146,2,9,7,4,10,8,7,4,6,7,0.407091,64,64,1.0,False,False,PASS
ch03,NonOverlappingTemplate,147,2,9,5,7,11,2,7,10,7,4,0.090936,64,64,1.0,False,False,PASS
ch03,NonOverlappingTemplate,148,4,5,3,3,8,5,7,9,12,8,0.162606,64,64,1.0,False,False,PASS
ch03,OverlappingTemplate,1,7,13,4,6,4,3,6,5,8,8,0.178278,63,64,0.984375,False,False,PASS
ch03,Universal,1,5,6,5,7,3,8,7,11,8,4,0.500934,63,64,0.984375,False,False,PASS
ch03,ApproximateEntropy,1,6,5,4,6,10,7,7,5,8,6,0.862344,64,64,1.0,False,False,PASS
ch03,RandomExcursions,1,7,6,2,1,2,3,4,5,4,3,0.195163,36,37,0.972972972972973,False,False,PASS
ch03,RandomExcursions,2,7,3,4,5,1,3,5,5,1,3,0.195163,36,37,0.972972972972973,False,False,PASS
ch03,RandomExcursions,3,5,5,1,3,4,3,4,2,4,6,0.500934,37,37,1.0,False,False,PASS
ch03,RandomExcursions,4,7,5,5,2,5,1,6,4,2,0,0.039244,36,37,0.972972972972973,False,False,PASS
ch03,RandomExcursions,5,2,5,2,2,3,6,7,4,4,2,0.23276,37,37,1.0,False,False,PASS
ch03,RandomExcursions,6,3,1,5,5,7,3,3,4,4,2,0.32418,36,37,0.972972972972973,False,False,PASS
ch03,RandomExcursions,7,6,7,3,6,3,4,3,1,2,2,0.134686,37,37,1.0,False,False,PASS
ch03,RandomExcursions,8,5,4,5,1,5,2,5,5,4,1,0.32418,36,37,0.972972972972973,False,False,PASS
ch03,RandomExcursionsVariant,1,8,3,3,2,4,2,4,5,4,2,0.23276,36,37,0.972972972972973,False,False,PASS
ch03,RandomExcursionsVariant,2,8,3,2,4,2,6,5,2,1,4,0.074177,36,37,0.972972972972973,False,False,PASS
ch03,RandomExcursionsVariant,3,7,3,3,5,5,1,5,3,4,1,0.195163,35,37,0.9459459459459459,False,False,PASS
ch03,RandomExcursionsVariant,4,7,2,2,6,3,4,4,5,1,3,0.195163,35,37,0.9459459459459459,False,False,PASS
ch03,RandomExcursionsVariant,5,6,3,2,0,5,3,5,4,4,5,0.275709,35,37,0.9459459459459459,False,False,PASS
ch03,RandomExcursionsVariant,6,7,3,3,1,2,2,7,6,1,5,0.031497,35,37,0.9459459459459459,False,False,PASS
ch03,RandomExcursionsVariant,7,7,5,4,1,3,4,1,4,4,4,0.275709,35,37,0.9459459459459459,False,False,PASS
ch03,RandomExcursionsVariant,8,8,0,4,8,4,2,3,2,2,4,0.009998,36,37,0.972972972972973,False,False,PASS
ch03,RandomExcursionsVariant,9,6,3,2,5,7,3,4,3,3,1,0.23276,37,37,1.0,False,False,PASS
ch03,RandomExcursionsVariant,10,3,7,10,3,1,3,2,0,4,4,0.001399,37,37,1.0,False,False,PASS
ch03,RandomExcursionsVariant,11,2,4,4,9,4,4,4,4,1,1,0.048716,37,37,1.0,False,False,PASS
ch03,RandomExcursionsVariant,12,3,3,3,5,6,2,2,4,6,3,0.500934,37,37,1.0,False,False,PASS
ch03,RandomExcursionsVariant,13,3,5,4,4,4,2,5,2,5,3,0.77276,37,37,1.0,False,False,PASS
ch03,RandomExcursionsVariant,14,4,2,5,6,3,3,1,1,5,7,0.110952,37,37,1.0,False,False,PASS
ch03,RandomExcursionsVariant,15,4,4,4,4,3,2,4,6,3,3,0.834308,37,37,1.0,False,False,PASS
ch03,RandomExcursionsVariant,16,4,5,2,4,2,3,7,3,2,5,0.378138,37,37,1.0,False,False,PASS
ch03,RandomExcursionsVariant,17,5,1,5,3,5,4,3,6,3,2,0.437274,37,37,1.0,False,False,PASS
ch03,RandomExcursionsVariant,18,4,2,4,6,7,4,1,2,1,6,0.074177,37,37,1.0,False,False,PASS
ch03,Serial,1,7,3,5,7,9,5,5,11,5,7,0.500934,64,64,1.0,False,False,PASS
ch03,Serial,2,8,7,5,5,6,7,3,5,11,7,0.602458,64,64,1.0,False,False,PASS
ch03,LinearComplexity,1,5,3,5,4,10,7,9,9,7,5,0.468595,62,64,0.96875,False,False,PASS
ch04,Frequency,1,3,7,6,12,11,7,8,2,3,5,0.048716,64,64,1.0,False,False,PASS
ch04,BlockFrequency,1,3,4,8,7,10,7,6,7,7,5,0.706149,64,64,1.0,False,False,PASS
ch04,CumulativeSums,1,4,10,8,4,6,8,5,8,6,5,0.706149,64,64,1.0,False,False,PASS
ch04,CumulativeSums,2,5,5,10,3,11,10,7,2,7,4,0.090936,64,64,1.0,False,False,PASS
ch04,Runs,1,2,9,7,9,2,1,12,2,11,9,0.001399,64,64,1.0,False,False,PASS
ch04,LongestRun,1,8,4,10,8,5,7,5,6,8,3,0.602458,63,64,0.984375,False,False,PASS
ch04,Rank,1,6,3,4,5,9,5,7,8,11,6,0.437274,64,64,1.0,False,False,PASS
ch04,FFT,1,8,4,5,9,11,8,6,7,3,3,0.275709,64,64,1.0,False,False,PASS
ch04,NonOverlappingTemplate,1,3,7,9,2,8,9,8,10,5,3,0.162606,64,64,1.0,False,False,PASS
ch04,NonOverlappingTemplate,2,4,5,5,4,11,7,6,6,8,8,0.602458,64,64,1.0,False,False,PASS
ch04,NonOverlappingTemplate,3,12,6,7,7,8,4,6,5,5,4,0.468595,62,64,0.96875,False,False,PASS
ch04,NonOverlappingTemplate,4,3,7,6,6,3,6,5,9,13,6,0.162606,64,64,1.0,False,False,PASS
ch04,NonOverlappingTemplate,5,9,5,9,4,5,7,8,4,8,5,0.706149,64,64,1.0,False,False,PASS
ch04,NonOverlappingTemplate,6,6,10,4,12,5,8,8,3,3,5,0.122325,63,64,0.984375,False,False,PASS
ch04,NonOverlappingTemplate,7,4,7,3,6,11,6,9,5,8,5,0.437274,64,64,1.0,False,False,PASS
ch04,NonOverlappingTemplate,8,4,4,5,7,3,8,7,9,10,7,0.500934,64,64,1.0,False,False,PASS
ch04,NonOverlappingTemplate,9,4,4,6,2,9,9,6,9,9,6,0.350485,64,64,1.0,False,False,PASS
ch04,NonOverlappingTemplate,10,5,8,5,8,10,6,7,5,6,4,0.804337,63,64,0.984375,False,False,PASS
ch04,NonOverlappingTemplate,11,9,7,5,4,5,4,2,13,9,6,0.074177,63,64,0.984375,False,False,PASS
ch04,NonOverlappingTemplate,12,6,5,9,4,8,6,7,6,5,8,0.911413,64,64,1.0,False,False,PASS
ch04,NonOverlappingTemplate,13,7,8,6,4,5,4,7,7,9,7,0.888137,64,64,1.0,False,False,PASS
ch04,NonOverlappingTemplate,14,3,7,5,6,8,6,6,11,7,5,0.637119,64,64,1.0,False,False,PASS
ch04,NonOverlappingTemplate,15,5,7,9,7,4,7,5,9,7,4,0.804337,64,64,1.0,False,False,PASS
ch04,NonOverlappingTemplate,16,5,6,4,7,3,5,7,9,9,9,0.602458,63,64,0.984375,False,False,PASS
ch04,NonOverlappingTemplate,17,8,8,5,12,6,6,5,3,6,5,0.407091,62,64,0.96875,False,False,PASS
ch04,NonOverlappingTemplate,18,5,6,10,5,9,3,9,6,5,6,0.568055,63,64,0.984375,False,False,PASS
ch04,NonOverlappingTemplate,19,10,7,5,8,5,8,3,9,3,6,0.437274,64,64,1.0,False,False,PASS
ch04,NonOverlappingTemplate,20,13,10,5,7,6,3,3,5,4,8,0.074177,61,64,0.953125,False,False,PASS
ch04,NonOverlappingTemplate,21,7,11,7,7,5,6,5,3,10,3,0.299251,64,64,1.0,False,False,PASS
ch04,NonOverlappingTemplate,22,6,5,12,7,3,9,2,7,7,6,0.195163,63,64,0.984375,False,False,PASS
ch04,NonOverlappingTemplate,23,10,3,4,5,9,3,10,6,9,5,0.195163,63,64,0.984375,False,False,PASS
ch04,NonOverlappingTemplate,24,11,3,8,9,5,4,3,8,8,5,0.23276,62,64,0.96875,False,False,PASS
ch04,NonOverlappingTemplate,25,7,1,14,5,8,7,5,4,7,6,0.048716,62,64,0.96875,False,False,PASS
ch04,NonOverlappingTemplate,26,7,7,7,4,3,11,8,4,5,8,0.437274,63,64,0.984375,False,False,PASS
ch04,NonOverlappingTemplate,27,7,8,10,7,5,6,4,5,5,7,0.834308,62,64,0.96875,False,False,PASS
ch04,NonOverlappingTemplate,28,5,9,7,5,4,8,9,5,3,9,0.534146,64,64,1.0,False,False,PASS
ch04,NonOverlappingTemplate,29,4,6,6,3,5,7,8,6,13,6,0.253551,63,64,0.984375,False,False,PASS
ch04,NonOverlappingTemplate,30,4,10,9,3,6,6,8,9,5,4,0.407091,63,64,0.984375,False,False,PASS
ch04,NonOverlappingTemplate,31,4,9,8,7,8,6,10,4,3,5,0.468595,61,64,0.953125,False,False,PASS
ch04,NonOverlappingTemplate,32,7,3,10,9,5,6,3,9,6,6,0.437274,63,64,0.984375,False,False,PASS
ch04,NonOverlappingTemplate,33,3,11,9,8,4,7,6,5,6,5,0.437274,64,64,1.0,False,False,PASS
ch04,NonOverlappingTemplate,34,7,6,14,6,4,12,2,4,4,5,0.009998,63,64,0.984375,False,False,PASS
ch04,NonOverlappingTemplate,35,8,5,8,6,6,7,2,8,6,8,0.77276,64,64,1.0,False,False,PASS
ch04,NonOverlappingTemplate,36,6,9,6,4,8,6,4,11,7,3,0.407091,64,64,1.0,False,False,PASS
ch04,NonOverlappingTemplate,37,6,10,7,4,9,5,8,4,6,5,0.671779,64,64,1.0,False,False,PASS
ch04,NonOverlappingTemplate,38,5,3,7,8,10,4,10,5,6,6,0.468595,64,64,1.0,False,False,PASS
ch04,NonOverlappingTemplate,39,12,4,5,9,7,7,5,3,8,4,0.23276,61,64,0.953125,False,False,PASS
ch04,NonOverlappingTemplate,40,10,7,4,3,5,8,7,6,10,4,0.407091,62,64,0.96875,False,False,PASS
ch04,NonOverlappingTemplate,41,6,6,7,8,4,6,5,4,8,10,0.77276,64,64,1.0,False,False,PASS
ch04,NonOverlappingTemplate,42,6,9,5,3,3,5,7,10,8,8,0.437274,64,64,1.0,False,False,PASS
ch04,NonOverlappingTemplate,43,9,5,9,3,3,8,4,8,9,6,0.378138,63,64,0.984375,False,False,PASS
ch04,NonOverlappingTemplate,44,7,6,8,8,6,5,4,9,9,2,0.534146,62,64,0.96875,False,False,PASS
ch04,NonOverlappingTemplate,45,9,5,9,7,3,5,10,5,5,6,0.534146,63,64,0.984375,False,False,PASS
ch04,NonOverlappingTemplate,46,5,7,7,9,5,4,3,9,8,7,0.671779,64,64,1.0,False,False,PASS
ch04,NonOverlappingTemplate,47,9,6,6,12,7,4,7,6,5,2,0.253551,63,64,0.984375,False,False,PASS
ch04,NonOverlappingTemplate,48,6,4,10,6,10,4,5,10,5,4,0.32418,64,64,1.0,False,False,PASS
ch04,NonOverlappingTemplate,49,7,11,4,10,1,4,11,3,6,7,0.031497,63,64,0.984375,False,False,PASS
ch04,NonOverlappingTemplate,50,6,6,6,3,10,6,8,5,7,7,0.804337,63,64,0.984375,False,False,PASS
ch04,NonOverlappingTemplate,51,6,7,12,4,7,3,10,4,6,5,0.213309,64,64,1.0,False,False,PASS
ch04,NonOverlappingTemplate,52,8,5,4,9,4,11,7,6,5,5,0.500934,63,64,0.984375,False,False,PASS
ch04,NonOverlappingTemplate,53,10,4,8,6,3,5,7,7,5,9,0.568055,63,64,0.984375,False,False,PASS
ch04,NonOverlappingTemplate,54,12,7,8,3,6,8,3,4,6,7,0.253551,61,64,0.953125,False,False,PASS
ch04,NonOverlappingTemplate,55,7,5,2,5,5,11,10,6,11,2,0.048716,63,64,0.984375,False,False,PASS
ch04,NonOverlappingTemplate,56,8,7,9,4,7,5,5,8,4,7,0.834308,62,64,0.96875,False,False,PASS
ch04,NonOverlappingTemplate,57,5,4,5,8,6,9,7,10,5,5,0.706149,64,64,1.0,False,False,PASS
ch04,NonOverlappingTemplate,58,5,6,5,11,1,5,9,4,7,11,0.082177,63,64,0.984375,False,False,PASS
ch04,NonOverlappingTemplate,59,4,10,5,6,6,4,8,5,8,8,0.706149,64,64,1.0,False,False,PASS
ch04,NonOverlappingTemplate,60,8,8,6,2,4,6,9,7,7,7,0.671779,64,64,1.0,False,False,PASS
ch04,NonOverlappingTemplate,61,9,5,2,6,10,3,6,11,5,7,0.162606,63,64,0.984375,False,False,PASS
ch04,NonOverlappingTemplate,62,12,4,8,3,6,8,9,7,4,3,0.148094,62,64,0.96875,False,False,PASS
ch04,NonOverlappingTemplate,63,4,10,4,3,8,1,5,9,14,6,0.00699,63,64,0.984375,False,False,PASS
ch04,NonOverlappingTemplate,64,5,8,4,7,9,6,7,9,6,3,0.706149,63,64,0.984375,False,False,PASS
ch04,NonOverlappingTemplate,65,9,8,5,7,5,6,7,9,3,5,0.739918,63,64,0.984375,False,False,PASS
ch04,NonOverlappingTemplate,66,11,9,7,7,6,7,0,7,9,1,0.035174,62,64,0.96875,False,False,PASS
ch04,NonOverlappingTemplate,67,4,8,3,5,5,10,5,6,10,8,0.407091,64,64,1.0,False,False,PASS
ch04,NonOverlappingTemplate,68,4,8,5,5,12,5,10,7,4,4,0.213309,63,64,0.984375,False,False,PASS
ch04,NonOverlappingTemplate,69,6,5,4,5,7,9,5,9,8,6,0.834308,64,64,1.0,False,False,PASS
ch04,NonOverlappingTemplate,70,10,7,6,5,4,7,4,7,9,5,0.706149,64,64,1.0,False,False,PASS
ch04,NonOverlappingTemplate,71,6,9,3,9,10,6,7,7,3,4,0.378138,64,64,1.0,False,False,PASS
ch04,NonOverlappingTemplate,72,7,10,12,3,4,5,8,4,7,4,0.148094,63,64,0.984375,False,False,PASS
ch04,NonOverlappingTemplate,73,5,3,7,7,9,4,9,6,8,6,0.706149,63,64,0.984375,False,False,PASS
ch04,NonOverlappingTemplate,74,6,7,11,5,4,4,6,10,7,4,0.407091,64,64,1.0,False,False,PASS
ch04,NonOverlappingTemplate,75,3,7,8,3,8,9,8,10,5,3,0.275709,64,64,1.0,False,False,PASS
ch04,NonOverlappingTemplate,76,7,5,8,5,4,6,9,9,8,3,0.637119,63,64,0.984375,False,False,PASS
ch04,NonOverlappingTemplate,77,5,4,8,9,6,3,6,5,10,8,0.534146,64,64,1.0,False,False,PASS
ch04,NonOverlappingTemplate,78,7,8,4,6,4,8,5,5,11,6,0.602458,64,64,1.0,False,False,PASS
ch04,NonOverlappingTemplate,79,9,6,5,5,8,12,4,4,4,7,0.299251,63,64,0.984375,False,False,PASS
ch04,NonOverlappingTemplate,80,3,7,5,9,8,10,4,6,8,4,0.468595,64,64,1.0,False,False,PASS
ch04,NonOverlappingTemplate,81,10,8,7,5,3,7,8,6,5,5,0.706149,63,64,0.984375,False,False,PASS
ch04,NonOverlappingTemplate,82,7,8,5,5,9,8,3,4,8,7,0.706149,63,64,0.984375,False,False,PASS
ch04,NonOverlappingTemplate,83,6,8,10,8,8,8,2,4,8,2,0.213309,63,64,0.984375,False,False,PASS
ch04,NonOverlappingTemplate,84,7,1,6,13,7,5,4,10,7,4,0.048716,64,64,1.0,False,False,PASS
ch04,NonOverlappingTemplate,85,3,7,4,8,8,4,11,6,7,6,0.468595,63,64,0.984375,False,False,PASS
ch04,NonOverlappingTemplate,86,6,9,3,6,5,8,6,8,4,9,0.671779,63,64,0.984375,False,False,PASS
ch04,NonOverlappingTemplate,87,3,5,6,8,5,10,7,10,6,4,0.468595,64,64,1.0,False,False,PASS
ch04,NonOverlappingTemplate,88,3,6,9,6,3,7,9,3,12,6,0.134686,63,64,0.984375,False,False,PASS
ch04,NonOverlappingTemplate,89,4,3,3,6,10,3,9,5,12,9,0.048716,64,64,1.0,False,False,PASS
ch04,NonOverlappingTemplate,90,8,3,9,8,10,2,6,4,7,7,0.299251,63,64,0.984375,False,False,PASS
ch04,NonOverlappingTemplate,91,4,3,10,4,6,4,11,10,8,4,0.110952,64,64,1.0,False,False,PASS
ch04,NonOverlappingTemplate,92,4,4,10,4,7,9,5,9,7,5,0.500934,64,64,1.0,False,False,PASS
ch04,NonOverlappingTemplate,93,6,6,1,10,4,6,6,6,5,14,0.031497,64,64,1.0,False,False,PASS
ch04,NonOverlappingTemplate,94,4,3,5,9,5,8,6,8,7,9,0.637119,63,64,0.984375,False,False,PASS
ch04,NonOverlappingTemplate,95,3,5,4,6,6,8,13,7,6,6,0.253551,63,64,0.984375,False,False,PASS
ch04,NonOverlappingTemplate,96,9,4,5,5,4,10,4,7,11,5,0.275709,64,64,1.0,False,False,PASS
ch04,NonOverlappingTemplate,97,8,6,5,6,9,3,10,9,5,3,0.378138,63,64,0.984375,False,False,PASS
ch04,NonOverlappingTemplate,98,4,4,5,3,5,8,12,6,6,11,0.122325,64,64,1.0,False,False,PASS
ch04,NonOverlappingTemplate,99,8,7,4,6,2,4,11,9,5,8,0.253551,64,64,1.0,False,False,PASS
ch04,NonOverlappingTemplate,100,8,3,13,8,8,4,7,6,6,1,0.054199,64,64,1.0,False,False,PASS
ch04,NonOverlappingTemplate,101,14,3,5,5,9,8,4,6,8,2,0.028181,61,64,0.953125,False,False,PASS
ch04,NonOverlappingTemplate,102,6,12,4,7,4,7,6,9,4,5,0.350485,63,64,0.984375,False,False,PASS
ch04,NonOverlappingTemplate,103,7,4,8,6,5,4,8,10,4,8,0.637119,64,64,1.0,False,False,PASS
ch04,NonOverlappingTemplate,104,2,10,8,11,3,6,5,5,4,10,0.082177,64,64,1.0,False,False,PASS
ch04,NonOverlappingTemplate,105,6,3,5,7,5,9,7,11,6,5,0.534146,63,64,0.984375,False,False,PASS
ch04,NonOverlappingTemplate,106,10,6,3,3,6,7,8,5,10,6,0.407091,62,64,0.96875,False,False,PASS
ch04,NonOverlappingTemplate,107,10,7,5,10,4,3,6,7,8,4,0.407091,62,64,0.96875,False,False,PASS
ch04,NonOverlappingTemplate,108,8,7,7,4,7,3,5,8,10,5,0.637119,64,64,1.0,False,False,PASS
ch04,NonOverlappingTemplate,109,7,10,6,10,2,4,8,5,7,5,0.350485,64,64,1.0,False,False,PASS
ch04,NonOverlappingTemplate,110,9,3,7,8,5,6,12,3,6,5,0.23276,64,64,1.0,False,False,PASS
ch04,NonOverlappingTemplate,111,2,9,4,10,8,10,10,3,7,1,0.022503,63,64,0.984375,False,False,PASS
ch04,NonOverlappingTemplate,112,5,4,10,6,7,6,4,9,9,4,0.534146,63,64,0.984375,False,False,PASS
ch04,NonOverlappingTemplate,113,10,6,2,5,9,6,10,7,5,4,0.299251,64,64,1.0,False,False,PASS
ch04,NonOverlappingTemplate,114,8,10,9,6,6,5,5,4,5,6,0.739918,63,64,0.984375,False,False,PASS
ch04,NonOverlappingTemplate,115,9,6,4,8,2,4,8,4,8,11,0.195163,63,64,0.984375,False,False,PASS
ch04,NonOverlappingTemplate,116,6,6,6,5,7,10,10,5,3,6,0.602458,64,64,1.0,False,False,PASS
ch04,NonOverlappingTemplate,117,8,2,7,9,3,4,5,12,6,8,0.122325,63,64,0.984375,False,False,PASS
ch04,NonOverlappingTemplate,118,6,8,9,10,3,5,6,5,5,7,0.637119,63,64,0.984375,False,False,PASS
ch04,NonOverlappingTemplate,119,5,10,9,9,2,6,10,3,6,4,0.148094,63,64,0.984375,False,False,PASS
ch04,NonOverlappingTemplate,120,3,7,5,7,7,8,8,11,2,6,0.32418,63,64,0.984375,False,False,PASS
ch04,NonOverlappingTemplate,121,7,8,8,8,7,8,5,6,5,2,0.739918,63,64,0.984375,False,False,PASS
ch04,NonOverlappingTemplate,122,7,5,5,6,7,9,6,6,6,7,0.985035,64,64,1.0,False,False,PASS
ch04,NonOverlappingTemplate,123,8,4,6,9,7,13,6,3,6,2,0.082177,63,64,0.984375,False,False,PASS
ch04,NonOverlappingTemplate,124,5,6,4,6,8,11,7,5,8,4,0.602458,64,64,1.0,False,False,PASS
ch04,NonOverlappingTemplate,125,10,7,6,9,5,8,5,2,7,5,0.500934,64,64,1.0,False,False,PASS
ch04,NonOverlappingTemplate,126,8,6,5,7,6,4,8,8,5,7,0.949602,62,64,0.96875,False,False,PASS
ch04,NonOverlappingTemplate,127,7,4,9,7,6,6,10,5,6,4,0.739918,64,64,1.0,False,False,PASS
ch04,NonOverlappingTemplate,128,6,7,4,5,8,11,7,4,6,6,0.671779,64,64,1.0,False,False,PASS
ch04,NonOverlappingTemplate,129,5,8,5,4,3,10,4,6,10,9,0.299251,64,64,1.0,False,False,PASS
ch04,NonOverlappingTemplate,130,6,11,4,2,6,7,9,8,7,4,0.299251,62,64,0.96875,False,False,PASS
ch04,NonOverlappingTemplate,131,5,8,8,6,4,5,5,4,7,12,0.407091,63,64,0.984375,False,False,PASS
ch04,NonOverlappingTemplate,132,9,8,4,4,11,5,8,2,7,6,0.253551,64,64,1.0,False,False,PASS
ch04,NonOverlappingTemplate,133,7,5,7,5,4,9,8,4,9,6,0.77276,63,64,0.984375,False,False,PASS
ch04,NonOverlappingTemplate,134,10,8,6,7,8,4,3,9,3,6,0.407091,64,64,1.0,False,False,PASS
ch04,NonOverlappingTemplate,135,1,6,12,4,13,7,5,3,10,3,0.002971,64,64,1.0,False,False,PASS
ch04,NonOverlappingTemplate,136,5,5,8,5,6,5,6,11,4,9,0.568055,64,64,1.0,False,False,PASS
ch04,NonOverlappingTemplate,137,3,4,12,11,3,5,8,7,2,9,0.025193,64,64,1.0,False,False,PASS
ch04,NonOverlappingTemplate,138,8,3,3,9,6,6,5,9,9,6,0.500934,63,64,0.984375,False,False,PASS
ch04,NonOverlappingTemplate,139,4,9,6,9,9,6,4,6,4,7,0.671779,62,64,0.96875,False,False,PASS
ch04,NonOverlappingTemplate,140,8,2,5,6,9,7,5,5,11,6,0.378138,63,64,0.984375,False,False,PASS
ch04,NonOverlappingTemplate,141,3,3,9,6,6,7,9,9,7,5,0.534146,64,64,1.0,False,False,PASS
ch04,NonOverlappingTemplate,142,3,6,4,5,8,7,9,5,8,9,0.637119,63,64,0.984375,False,False,PASS
ch04,NonOverlappingTemplate,143,5,5,6,4,8,2,10,9,10,5,0.253551,64,64,1.0,False,False,PASS
ch04,NonOverlappingTemplate,144,7,10,3,5,7,7,4,5,6,10,0.500934,62,64,0.96875,False,False,PASS
ch04,NonOverlappingTemplate,145,9,2,6,6,4,6,4,12,7,8,0.195163,62,64,0.96875,False,False,PASS
ch04,NonOverlappingTemplate,146,3,9,5,4,8,10,8,5,5,7,0.500934,64,64,1.0,False,False,PASS
ch04,NonOverlappingTemplate,147,3,9,6,5,5,7,6,7,5,11,0.534146,64,64,1.0,False,False,PASS
ch04,NonOverlappingTemplate,148,6,7,11,5,4,4,6,10,7,4,0.407091,64,64,1.0,False,False,PASS
ch04,OverlappingTemplate,1,7,7,6,5,8,2,9,9,4,7,0.568055,62,64,0.96875,False,False,PASS
ch04,Universal,1,10,6,6,13,5,3,8,8,4,1,0.028181,62,64,0.96875,False,False,PASS
ch04,ApproximateEntropy,1,5,6,12,8,5,11,4,4,7,2,0.082177,64,64,1.0,False,False,PASS
ch04,RandomExcursions,1,3,1,4,1,3,1,2,6,6,6,0.134686,33,33,1.0,False,False,PASS
ch04,RandomExcursions,2,3,2,4,5,4,2,3,3,3,4,0.964295,33,33,1.0,False,False,PASS
ch04,RandomExcursions,3,1,5,4,4,4,3,3,5,2,2,0.77276,33,33,1.0,False,False,PASS
ch04,RandomExcursions,4,5,1,6,4,6,0,3,4,1,3,0.134686,33,33,1.0,False,False,PASS
ch04,RandomExcursions,5,1,2,8,6,3,3,2,5,0,3,0.039244,32,33,0.9696969696969697,False,False,PASS
ch04,RandomExcursions,6,4,4,3,3,6,2,3,3,5,0,0.500934,33,33,1.0,False,False,PASS
ch04,RandomExcursions,7,6,3,4,4,1,3,7,1,2,2,0.195163,33,33,1.0,False,False,PASS
ch04,RandomExcursions,8,5,1,7,1,2,1,4,5,6,1,0.048716,33,33,1.0,False,False,PASS
ch04,RandomExcursionsVariant,1,3,5,3,8,0,2,3,2,2,5,0.090936,32,33,0.9696969696969697,False,False,PASS
ch04,RandomExcursionsVariant,2,4,5,3,3,4,0,4,3,2,5,0.637119,32,33,0.9696969696969697,False,False,PASS
ch04,RandomExcursionsVariant,3,4,4,4,3,4,3,3,2,2,4,0.985035,32,33,0.9696969696969697,False,False,PASS
ch04,RandomExcursionsVariant,4,6,4,2,3,3,5,4,4,0,2,0.437274,32,33,0.9696969696969697,False,False,PASS
ch04,RandomExcursionsVariant,5,4,5,5,4,3,1,4,4,3,0,0.500934,33,33,1.0,False,False,PASS
ch04,RandomExcursionsVariant,6,4,5,4,1,5,2,3,3,3,3,0.834308,32,33,0.9696969696969697,False,False,PASS
ch04,RandomExcursionsVariant,7,3,5,5,0,1,3,5,6,4,1,0.162606,32,33,0.9696969696969697,False,False,PASS
ch04,RandomExcursionsVariant,8,1,5,5,2,2,4,6,4,2,2,0.437274,33,33,1.0,False,False,PASS
ch04,RandomExcursionsVariant,9,1,6,3,1,6,5,1,7,1,2,0.031497,33,33,1.0,False,False,PASS
ch04,RandomExcursionsVariant,10,4,5,3,4,2,5,4,2,2,2,0.834308,31,33,0.9393939393939394,False,False,PASS
ch04,RandomExcursionsVariant,11,3,6,5,3,2,4,4,3,0,3,0.500934,33,33,1.0,False,False,PASS
ch04,RandomExcursionsVariant,12,1,7,6,3,2,2,6,2,2,2,0.110952,33,33,1.0,False,False,PASS
ch04,RandomExcursionsVariant,13,3,3,2,10,4,0,2,1,2,6,0.002971,33,33,1.0,False,False,PASS
ch04,RandomExcursionsVariant,14,4,1,4,3,4,6,2,1,4,4,0.568055,33,33,1.0,False,False,PASS
ch04,RandomExcursionsVariant,15,2,3,1,5,8,1,2,3,3,5,0.110952,33,33,1.0,False,False,PASS
ch04,RandomExcursionsVariant,16,3,4,1,6,4,1,0,5,3,6,0.134686,32,33,0.9696969696969697,False,False,PASS
ch04,RandomExcursionsVariant,17,3,4,4,3,3,2,2,1,4,7,0.500934,32,33,0.9696969696969697,False,False,PASS
ch04,RandomExcursionsVariant,18,2,5,6,2,3,0,0,4,3,8,0.020085,33,33,1.0,False,False,PASS
ch04,Serial,1,4,6,8,7,8,5,8,3,3,12,0.213309,64,64,1.0,False,False,PASS
ch04,Serial,2,3,6,5,8,3,8,9,4,12,6,0.178278,64,64,1.0,False,False,PASS
ch04,LinearComplexity,1,8,4,6,8,4,5,6,5,11,7,0.602458,63,64,0.984375,False,False,PASS
ch05,Frequency,1,8,3,8,3,4,8,8,5,5,12,0.178278,64,64,1.0,False,False,PASS
ch05,BlockFrequency,1,5,9,5,4,10,7,5,7,6,6,0.77276,64,64,1.0,False,False,PASS
ch05,CumulativeSums,1,10,5,3,6,5,5,6,3,8,13,0.090936,63,64,0.984375,False,False,PASS
ch05,CumulativeSums,2,8,4,3,7,7,3,6,5,11,10,0.23276,63,64,0.984375,False,False,PASS
ch05,Runs,1,7,5,8,5,5,6,8,7,8,5,0.964295,64,64,1.0,False,False,PASS
ch05,LongestRun,1,9,6,7,4,4,7,3,5,11,8,0.378138,64,64,1.0,False,False,PASS
ch05,Rank,1,10,4,4,8,9,1,8,9,2,9,0.054199,63,64,0.984375,False,False,PASS
ch05,FFT,1,3,5,4,9,7,9,7,11,4,5,0.299251,63,64,0.984375,False,False,PASS
ch05,NonOverlappingTemplate,1,7,4,9,4,4,6,4,11,5,10,0.253551,64,64,1.0,False,False,PASS
ch05,NonOverlappingTemplate,2,10,5,2,8,6,7,10,6,3,7,0.299251,64,64,1.0,False,False,PASS
ch05,NonOverlappingTemplate,3,4,6,6,8,8,6,7,7,7,5,0.97606,63,64,0.984375,False,False,PASS
ch05,NonOverlappingTemplate,4,10,8,7,5,7,7,2,6,6,6,0.671779,62,64,0.96875,False,False,PASS
ch05,NonOverlappingTemplate,5,8,4,11,4,1,10,7,5,8,6,0.122325,64,64,1.0,False,False,PASS
ch05,NonOverlappingTemplate,6,4,6,10,6,7,5,9,3,5,9,0.500934,63,64,0.984375,False,False,PASS
ch05,NonOverlappingTemplate,7,9,11,10,5,2,4,6,6,7,4,0.178278,62,64,0.96875,False,False,PASS
ch05,NonOverlappingTemplate,8,11,8,5,4,3,8,5,5,6,9,0.378138,61,64,0.953125,False,False,PASS
ch05,NonOverlappingTemplate,9,5,8,6,6,7,6,5,8,4,9,0.911413,62,64,0.96875,False,False,PASS
ch05,NonOverlappingTemplate,10,12,5,6,8,6,7,6,8,4,2,0.275709,63,64,0.984375,False,False,PASS
ch05,NonOverlappingTemplate,11,2,3,5,5,11,3,6,12,10,7,0.025193,64,64,1.0,False,False,PASS
ch05,NonOverlappingTemplate,12,4,5,9,7,5,6,7,7,11,3,0.468595,64,64,1.0,False,False,PASS
ch05,NonOverlappingTemplate,13,8,8,9,3,9,5,6,7,2,7,0.437274,64,64,1.0,False,False,PASS
ch05,NonOverlappingTemplate,14,3,9,11,10,7,3,2,6,6,7,0.110952,64,64,1.0,False,False,PASS
ch05,NonOverlappingTemplate,15,6,9,5,3,8,5,10,3,7,8,0.437274,64,64,1.0,False,False,PASS
ch05,NonOverlappingTemplate,16,5,5,8,11,1,10,6,9,3,6,0.090936,63,64,0.984375,False,False,PASS
ch05,NonOverlappingTemplate,17,2,12,5,4,7,8,5,9,3,9,0.090936,64,64,1.0,False,False,PASS
ch05,NonOverlappingTemplate,18,10,5,8,5,11,5,4,7,5,4,0.378138,62,64,0.96875,False,False,PASS
ch05,NonOverlappingTemplate,19,7,8,4,6,6,8,7,9,2,7,0.671779,64,64,1.0,False,False,PASS
ch05,NonOverlappingTemplate,20,6,5,4,9,8,8,7,5,5,7,0.888137,63,64,0.984375,False,False,PASS
ch05,NonOverlappingTemplate,21,4,8,6,5,8,6,8,6,3,10,0.637119,64,64,1.0,False,False,PASS
ch05,NonOverlappingTemplate,22,4,8,6,8,8,8,5,4,7,6,0.888137,64,64,1.0,False,False,PASS
ch05,NonOverlappingTemplate,23,11,4,8,9,2,3,10,4,7,6,0.100508,64,64,1.0,False,False,PASS
ch05,NonOverlappingTemplate,24,4,5,10,7,10,8,9,4,6,1,0.148094,64,64,1.0,False,False,PASS
ch05,NonOverlappingTemplate,25,12,2,5,9,4,2,7,10,6,7,0.054199,64,64,1.0,False,False,PASS
ch05,NonOverlappingTemplate,26,6,7,3,7,10,7,6,7,6,5,0.834308,63,64,0.984375,False,False,PASS
ch05,NonOverlappingTemplate,27,7,4,7,7,3,4,6,9,5,12,0.275709,64,64,1.0,False,False,PASS
ch05,NonOverlappingTemplate,28,4,8,7,4,9,4,6,7,5,10,0.602458,64,64,1.0,False,False,PASS
ch05,NonOverlappingTemplate,29,11,2,2,5,6,9,9,5,6,9,0.110952,63,64,0.984375,False,False,PASS
ch05,NonOverlappingTemplate,30,9,9,7,5,6,5,4,5,6,8,0.834308,62,64,0.96875,False,False,PASS
ch05,NonOverlappingTemplate,31,6,3,6,7,6,10,6,7,9,4,0.671779,64,64,1.0,False,False,PASS
ch05,NonOverlappingTemplate,32,6,7,7,2,7,4,7,7,9,8,0.706149,63,64,0.984375,False,False,PASS
ch05,NonOverlappingTemplate,33,7,7,6,5,7,8,4,10,3,7,0.706149,62,64,0.96875,False,False,PASS
ch05,NonOverlappingTemplate,34,7,3,3,7,8,3,8,4,12,9,0.110952,63,64,0.984375,False,False,PASS
ch05,NonOverlappingTemplate,35,14,3,8,7,6,4,4,8,3,7,0.054199,61,64,0.953125,False,False,PASS
ch05,NonOverlappingTemplate,36,3,6,5,6,7,10,7,6,6,8,0.804337,64,64,1.0,False,False,PASS
ch05,NonOverlappingTemplate,37,7,5,1,6,7,6,6,4,11,11,0.134686,64,64,1.0,False,False,PASS
ch05,NonOverlappingTemplate,38,3,9,5,6,6,7,9,7,3,9,0.534146,63,64,0.984375,False,False,PASS
ch05,NonOverlappingTemplate,39,7,2,3,6,8,4,6,13,8,7,0.100508,63,64,0.984375,False,False,PASS
ch05,NonOverlappingTemplate,40,6,3,5,3,9,8,10,7,6,7,0.500934,64,64,1.0,False,False,PASS
ch05,NonOverlappingTemplate,41,10,7,11,6,4,1,7,8,7,3,0.110952,64,64,1.0,False,False,PASS
ch05,NonOverlappingTemplate,42,6,10,9,6,7,6,6,6,5,3,0.739918,62,64,0.96875,False,False,PASS
ch05,NonOverlappingTemplate,43,12,10,5,8,5,6,8,3,2,5,0.100508,62,64,0.96875,False,False,PASS
ch05,NonOverlappingTemplate,44,7,6,6,8,7,1,7,7,6,9,0.637119,62,64,0.96875,False,False,PASS
ch05,NonOverlappingTemplate,45,3,4,10,6,7,6,9,6,7,6,0.671779,64,64,1.0,False,False,PASS
ch05,NonOverlappingTemplate,46,6,2,11,5,4,3,9,10,7,7,0.134686,63,64,0.984375,False,False,PASS
ch05,NonOverlappingTemplate,47,9,8,5,7,8,5,7,4,5,6,0.888137,63,64,0.984375,False,False,PASS
ch05,NonOverlappingTemplate,48,7,9,6,6,9,9,6,4,6,2,0.534146,62,64,0.96875,False,False,PASS
ch05,NonOverlappingTemplate,49,5,4,9,9,3,8,8,5,5,8,0.568055,64,64,1.0,False,False,PASS
ch05,NonOverlappingTemplate,50,11,6,7,5,8,10,4,6,3,4,0.299251,62,64,0.96875,False,False,PASS
ch05,NonOverlappingTemplate,51,10,6,7,2,4,12,6,5,7,5,0.178278,64,64,1.0,False,False,PASS
ch05,NonOverlappingTemplate,52,8,5,2,7,9,5,6,10,5,7,0.500934,63,64,0.984375,False,False,PASS
ch05,NonOverlappingTemplate,53,8,5,3,9,11,9,4,0,7,8,0.048716,63,64,0.984375,False,False,PASS
ch05,NonOverlappingTemplate,54,11,10,6,6,2,6,6,5,8,4,0.275709,63,64,0.984375,False,False,PASS
ch05,NonOverlappingTemplate,55,4,9,5,5,1,8,8,10,7,7,0.275709,63,64,0.984375,False,False,PASS
ch05,NonOverlappingTemplate,56,6,4,7,13,6,8,2,5,5,8,0.148094,63,64,0.984375,False,False,PASS
ch05,NonOverlappingTemplate,57,3,7,5,11,6,7,8,3,6,8,0.437274,64,64,1.0,False,False,PASS
ch05,NonOverlappingTemplate,58,10,7,6,3,9,3,4,12,5,5,0.110952,64,64,1.0,False,False,PASS
ch05,NonOverlappingTemplate,59,6,4,8,8,1,5,8,5,12,7,0.148094,63,64,0.984375,False,False,PASS
ch05,NonOverlappingTemplate,60,5,5,7,13,9,4,7,1,5,8,0.066882,63,64,0.984375,False,False,PASS
ch05,NonOverlappingTemplate,61,8,10,8,4,7,11,9,5,1,1,0.025193,63,64,0.984375,False,False,PASS
ch05,NonOverlappingTemplate,62,6,8,7,9,7,4,6,6,3,8,0.804337,64,64,1.0,False,False,PASS
ch05,NonOverlappingTemplate,63,6,7,9,4,1,7,5,7,7,11,0.253551,64,64,1.0,False,False,PASS
ch05,NonOverlappingTemplate,64,6,2,9,8,7,7,4,5,10,6,0.468595,64,64,1.0,False,False,PASS
ch05,NonOverlappingTemplate,65,7,3,4,6,9,11,5,7,4,8,0.378138,63,64,0.984375,False,False,PASS
ch05,NonOverlappingTemplate,66,5,9,5,9,4,4,7,4,9,8,0.568055,63,64,0.984375,False,False,PASS
ch05,NonOverlappingTemplate,67,7,7,6,6,9,7,7,4,8,3,0.834308,62,64,0.96875,False,False,PASS
ch05,NonOverlappingTemplate,68,5,10,7,6,6,7,4,5,6,8,0.862344,63,64,0.984375,False,False,PASS
ch05,NonOverlappingTemplate,69,7,9,4,6,8,4,6,3,9,8,0.602458,63,64,0.984375,False,False,PASS
ch05,NonOverlappingTemplate,70,7,6,4,8,8,12,4,5,4,6,0.378138,61,64,0.953125,False,False,PASS
ch05,NonOverlappingTemplate,71,4,4,3,4,7,13,6,6,6,11,0.066882,62,64,0.96875,False,False,PASS
ch05,NonOverlappingTemplate,72,11,4,9,6,7,3,9,5,3,7,0.253551,64,64,1.0,False,False,PASS
ch05,NonOverlappingTemplate,73,6,3,8,7,7,8,6,8,4,7,0.862344,63,64,0.984375,False,False,PASS
ch05,NonOverlappingTemplate,74,10,3,10,4,6,8,5,4,10,4,0.195163,64,64,1.0,False,False,PASS
ch05,NonOverlappingTemplate,75,7,4,9,4,4,6,4,12,4,10,0.134686,64,64,1.0,False,False,PASS
ch05,NonOverlappingTemplate,76,5,7,8,10,3,10,4,5,7,5,0.437274,62,64,0.96875,False,False,PASS
ch05,NonOverlappingTemplate,77,3,4,4,8,11,9,4,9,7,5,0.23276,63,64,0.984375,False,False,PASS
ch05,NonOverlappingTemplate,78,2,5,4,10,6,9,9,6,8,5,0.350485,63,64,0.984375,False,False,PASS
ch05,NonOverlappingTemplate,79,4,2,7,7,12,7,7,5,7,6,0.32418,64,64,1.0,False,False,PASS
ch05,NonOverlappingTemplate,80,9,5,9,5,11,5,7,6,2,5,0.299251,62,64,0.96875,False,False,PASS
ch05,NonOverlappingTemplate,81,3,6,10,5,5,9,3,11,8,4,0.162606,64,64,1.0,False,False,PASS
ch05,NonOverlappingTemplate,82,5,6,1,6,6,8,13,5,6,8,0.122325,63,64,0.984375,False,False,PASS
ch05,NonOverlappingTemplate,83,4,5,2,10,6,5,10,8,7,7,0.350485,64,64,1.0,False,False,PASS
ch05,NonOverlappingTemplate,84,5,6,5,3,8,6,9,5,8,9,0.706149,64,64,1.0,False,False,PASS
ch05,NonOverlappingTemplate,85,10,7,7,7,4,6,4,6,10,3,0.468595,63,64,0.984375,False,False,PASS
ch05,NonOverlappingTemplate,86,5,3,4,7,8,10,12,4,4,7,0.148094,64,64,1.0,False,False,PASS
ch05,NonOverlappingTemplate,87,6,9,4,5,4,2,13,11,7,3,0.020085,64,64,1.0,False,False,PASS
ch05,NonOverlappingTemplate,88,8,6,8,3,8,3,8,5,10,5,0.468595,62,64,0.96875,False,False,PASS
ch05,NonOverlappingTemplate,89,5,7,2,6,6,8,9,8,6,7,0.739918,64,64,1.0,False,False,PASS
ch05,NonOverlappingTemplate,90,8,6,6,2,6,6,6,7,10,7,0.706149,64,64,1.0,False,False,PASS
ch05,NonOverlappingTemplate,91,6,5,5,3,6,9,9,6,5,10,0.568055,63,64,0.984375,False,False,PASS
ch05,NonOverlappingTemplate,92,7,7,10,4,4,11,6,4,6,5,0.407091,63,64,0.984375,False,False,PASS
ch05,NonOverlappingTemplate,93,4,6,5,6,11,6,5,5,9,7,0.637119,64,64,1.0,False,False,PASS
ch05,NonOverlappingTemplate,94,8,6,8,4,12,10,3,6,5,2,0.090936,61,64,0.953125,False,False,PASS
ch05,NonOverlappingTemplate,95,9,4,3,7,9,7,2,6,9,8,0.32418,62,64,0.96875,False,False,PASS
ch05,NonOverlappingTemplate,96,5,8,4,6,6,4,13,5,9,4,0.178278,64,64,1.0,False,False,PASS
ch05,NonOverlappingTemplate,97,8,5,4,4,14,8,8,4,5,4,0.074177,64,64,1.0,False,False,PASS
ch05,NonOverlappingTemplate,98,9,3,4,5,8,7,9,4,10,5,0.378138,63,64,0.984375,False,False,PASS
ch05,NonOverlappingTemplate,99,3,3,5,5,9,10,9,4,7,9,0.253551,64,64,1.0,False,False,PASS
ch05,NonOverlappingTemplate,100,6,7,5,5,5,10,6,8,6,6,0.911413,64,64,1.0,False,False,PASS
ch05,NonOverlappingTemplate,101,6,8,7,6,6,4,7,6,10,4,0.834308,64,64,1.0,False,False,PASS
ch05,NonOverlappingTemplate,102,10,5,4,6,7,10,4,7,6,5,0.602458,64,64,1.0,False,False,PASS
ch05,NonOverlappingTemplate,103,4,4,8,16,4,5,8,9,4,2,0.002971,64,64,1.0,False,False,PASS
ch05,NonOverlappingTemplate,104,8,4,5,3,6,9,8,8,5,8,0.671779,63,64,0.984375,False,False,PASS
ch05,NonOverlappingTemplate,105,5,7,4,10,7,3,5,9,4,10,0.32418,64,64,1.0,False,False,PASS
ch05,NonOverlappingTemplate,106,5,8,9,8,8,0,8,4,9,5,0.178278,64,64,1.0,False,False,PASS
ch05,NonOverlappingTemplate,107,4,4,3,5,7,12,10,10,5,4,0.082177,64,64,1.0,False,False,PASS
ch05,NonOverlappingTemplate,108,4,2,4,6,5,9,10,8,6,10,0.23276,64,64,1.0,False,False,PASS
ch05,NonOverlappingTemplate,109,7,6,5,10,4,5,5,9,10,3,0.378138,63,64,0.984375,False,False,PASS
ch05,NonOverlappingTemplate,110,6,10,10,3,6,5,6,3,10,5,0.253551,64,64,1.0,False,False,PASS
ch05,NonOverlappingTemplate,111,5,8,9,3,3,4,8,7,8,9,0.437274,64,64,1.0,False,False,PASS
ch05,NonOverlappingTemplate,112,2,11,6,7,6,8,5,5,8,6,0.468595,64,64,1.0,False,False,PASS
ch05,NonOverlappingTemplate,113,3,9,5,9,2,9,6,6,11,4,0.134686,64,64,1.0,False,False,PASS
ch05,NonOverlappingTemplate,114,7,5,7,2,5,12,5,8,10,3,0.110952,62,64,0.96875,False,False,PASS
ch05,NonOverlappingTemplate,115,7,9,7,4,3,11,4,5,5,9,0.299251,64,64,1.0,False,False,PASS
ch05,NonOverlappingTemplate,116,11,5,10,3,6,3,8,6,7,5,0.275709,64,64,1.0,False,False,PASS
ch05,NonOverlappingTemplate,117,5,6,11,5,5,7,4,8,5,8,0.637119,64,64,1.0,False,False,PASS
ch05,NonOverlappingTemplate,118,11,4,4,5,9,7,8,7,5,4,0.437274,62,64,0.96875,False,False,PASS
ch05,NonOverlappingTemplate,119,6,4,6,11,10,5,7,7,5,3,0.378138,63,64,0.984375,False,False,PASS
ch05,NonOverlappingTemplate,120,7,11,1,10,3,9,5,5,10,3,0.028181,64,64,1.0,False,False,PASS
ch05,NonOverlappingTemplate,121,4,4,6,7,14,6,5,4,5,9,0.100508,64,64,1.0,False,False,PASS
ch05,NonOverlappingTemplate,122,7,7,8,8,10,6,3,4,4,7,0.602458,63,64,0.984375,False,False,PASS
ch05,NonOverlappingTemplate,123,4,9,6,3,4,11,6,9,9,3,0.162606,63,64,0.984375,False,False,PASS
ch05,NonOverlappingTemplate,124,5,6,4,5,9,7,6,4,8,10,0.671779,63,64,0.984375,False,False,PASS
ch05,NonOverlappingTemplate,125,8,7,6,5,5,5,6,6,9,7,0.964295,64,64,1.0,False,False,PASS
ch05,NonOverlappingTemplate,126,3,10,6,5,6,7,4,7,4,12,0.213309,64,64,1.0,False,False,PASS
ch05,NonOverlappingTemplate,127,9,7,7,4,6,10,1,7,4,9,0.23276,62,64,0.96875,False,False,PASS
ch05,NonOverlappingTemplate,128,6,6,11,5,7,6,9,3,8,3,0.378138,63,64,0.984375,False,False,PASS
ch05,NonOverlappingTemplate,129,5,9,6,12,7,2,4,7,3,9,0.110952,64,64,1.0,False,False,PASS
ch05,NonOverlappingTemplate,130,5,13,8,7,7,3,5,5,6,5,0.253551,64,64,1.0,False,False,PASS
ch05,NonOverlappingTemplate,131,9,8,7,3,3,7,10,4,6,7,0.437274,62,64,0.96875,False,False,PASS
ch05,NonOverlappingTemplate,132,3,8,8,6,9,8,6,5,6,5,0.804337,63,64,0.984375,False,False,PASS
ch05,NonOverlappingTemplate,133,11,9,9,2,6,6,4,5,8,4,0.213309,63,64,0.984375,False,False,PASS
ch05,NonOverlappingTemplate,134,8,7,6,5,6,11,9,4,4,4,0.468595,63,64,0.984375,False,False,PASS
ch05,NonOverlappingTemplate,135,8,7,3,8,4,9,3,7,12,3,0.110952,63,64,0.984375,False,False,PASS
ch05,NonOverlappingTemplate,136,7,2,3,5,12,7,8,7,6,7,0.23276,64,64,1.0,False,False,PASS
ch05,NonOverlappingTemplate,137,6,9,7,5,2,8,6,9,5,7,0.637119,64,64,1.0,False,False,PASS
ch05,NonOverlappingTemplate,138,8,6,10,7,5,5,5,4,7,7,0.834308,63,64,0.984375,False,False,PASS
ch05,NonOverlappingTemplate,139,9,10,7,3,10,5,4,5,4,7,0.32418,63,64,0.984375,False,False,PASS
ch05,NonOverlappingTemplate,140,5,7,4,4,6,7,8,9,8,6,0.862344,64,64,1.0,False,False,PASS
ch05,NonOverlappingTemplate,141,8,7,6,10,3,7,8,8,4,3,0.468595,63,64,0.984375,False,False,PASS
ch05,NonOverlappingTemplate,142,7,4,5,6,8,4,9,4,9,8,0.671779,63,64,0.984375,False,False,PASS
ch05,NonOverlappingTemplate,143,3,7,2,4,9,8,10,7,8,6,0.299251,63,64,0.984375,False,False,PASS
ch05,NonOverlappingTemplate,144,9,9,8,11,3,3,4,7,4,6,0.195163,63,64,0.984375,False,False,PASS
ch05,NonOverlappingTemplate,145,12,6,3,10,10,3,2,9,3,6,0.017912,63,64,0.984375,False,False,PASS
ch05,NonOverlappingTemplate,146,6,4,6,6,5,11,5,6,7,8,0.739918,64,64,1.0,False,False,PASS
ch05,NonOverlappingTemplate,147,10,3,7,9,5,6,5,9,5,5,0.534146,64,64,1.0,False,False,PASS
ch05,NonOverlappingTemplate,148,10,4,9,4,6,8,5,4,10,4,0.32418,64,64,1.0,False,False,PASS
ch05,OverlappingTemplate,1,12,5,2,10,7,4,7,6,5,6,0.178278,62,64,0.96875,False,False,PASS
ch05,Universal,1,5,11,7,3,7,6,8,8,5,4,0.500934,63,64,0.984375,False,False,PASS
ch05,ApproximateEntropy,1,7,11,1,4,13,5,3,6,10,4,0.00788,64,64,1.0,False,False,PASS
ch05,RandomExcursions,1,5,3,2,4,3,9,2,4,6,3,0.330628,40,41,0.975609756097561,False,False,PASS
ch05,RandomExcursions,2,6,1,2,5,2,6,6,4,3,6,0.460664,39,41,0.9512195121951219,False,False,PASS
ch05,RandomExcursions,3,2,2,8,3,7,3,4,3,3,6,0.330628,41,41,1.0,False,False,PASS
ch05,RandomExcursions,4,5,6,5,4,4,1,4,3,3,6,0.811993,41,41,1.0,False,False,PASS
ch05,RandomExcursions,5,4,3,6,5,2,7,4,5,4,1,0.611108,41,41,1.0,False,False,PASS
ch05,RandomExcursions,6,3,6,9,6,2,3,2,1,4,5,0.151616,40,41,0.975609756097561,False,False,PASS
ch05,RandomExcursions,7,5,9,5,2,3,4,5,6,0,2,0.113706,39,41,0.9512195121951219,False,False,PASS
ch05,RandomExcursions,8,6,9,0,3,6,2,2,3,5,5,0.084294,40,41,0.975609756097561,False,False,PASS
ch05,RandomExcursionsVariant,1,3,3,5,4,10,2,3,4,3,4,0.258961,41,41,1.0,False,False,PASS
ch05,RandomExcursionsVariant,2,3,2,8,2,3,6,5,6,2,4,0.371101,41,41,1.0,False,False,PASS
ch05,RandomExcursionsVariant,3,4,3,3,2,6,7,2,3,6,5,0.611108,41,41,1.0,False,False,PASS
ch05,RandomExcursionsVariant,4,5,3,2,4,4,2,6,4,8,3,0.559523,41,41,1.0,False,False,PASS
ch05,RandomExcursionsVariant,5,5,2,3,4,3,2,10,3,6,3,0.151616,41,41,1.0,False,False,PASS
ch05,RandomExcursionsVariant,6,6,4,1,2,4,2,4,8,3,7,0.227773,41,41,1.0,False,False,PASS
ch05,RandomExcursionsVariant,7,4,7,1,0,6,3,3,6,4,7,0.151616,41,41,1.0,False,False,PASS
ch05,RandomExcursionsVariant,8,5,0,5,6,5,5,4,4,4,3,0.71466,40,41,0.975609756097561,False,False,PASS
ch05,RandomExcursionsVariant,9,3,5,2,5,2,8,5,3,3,5,0.559523,41,41,1.0,False,False,PASS
ch05,RandomExcursionsVariant,10,3,5,6,2,5,6,7,2,2,3,0.509162,41,41,1.0,False,False,PASS
ch05,RandomExcursionsVariant,11,6,1,6,6,3,4,4,5,0,6,0.293235,41,41,1.0,False,False,PASS
ch05,RandomExcursionsVariant,12,6,2,4,1,3,4,3,3,6,9,0.19958,41,41,1.0,False,False,PASS
ch05,RandomExcursionsVariant,13,6,4,2,0,3,5,4,6,3,8,0.227773,41,41,1.0,False,False,PASS
ch05,RandomExcursionsVariant,14,4,5,3,3,5,3,4,4,4,6,0.986869,40,41,0.975609756097561,False,False,PASS
ch05,RandomExcursionsVariant,15,4,4,6,2,7,5,1,3,6,3,0.509162,40,41,0.975609756097561,False,False,PASS
ch05,RandomExcursionsVariant,16,5,4,4,5,5,3,4,1,5,5,0.927083,40,41,0.975609756097561,False,False,PASS
ch05,RandomExcursionsVariant,17,5,5,5,4,5,2,2,4,6,3,0.894201,41,41,1.0,False,False,PASS
ch05,RandomExcursionsVariant,18,3,9,5,2,0,4,3,6,6,3,0.113706,41,41,1.0,False,False,PASS
ch05,Serial,1,6,6,8,7,6,5,8,7,6,5,0.991468,64,64,1.0,False,False,PASS
ch05,Serial,2,4,8,6,11,7,6,2,10,8,2,0.110952,64,64,1.0,False,False,PASS
ch05,LinearComplexity,1,8,5,8,6,8,11,2,5,6,5,0.407091,64,64,1.0,False,False,PASS
ch06,Frequency,1,7,4,8,7,7,6,4,7,5,9,0.888137,64,64,1.0,False,False,PASS
ch06,BlockFrequency,1,7,10,3,6,6,6,6,7,8,5,0.804337,64,64,1.0,False,False,PASS
ch06,CumulativeSums,1,6,8,9,1,8,4,4,9,5,10,0.178278,64,64,1.0,False,False,PASS
ch06,CumulativeSums,2,5,6,10,8,4,6,6,5,8,6,0.834308,64,64,1.0,False,False,PASS
ch06,Runs,1,7,8,7,4,4,8,5,5,8,8,0.862344,64,64,1.0,False,False,PASS
ch06,LongestRun,1,2,6,6,8,6,6,9,6,9,6,0.706149,64,64,1.0,False,False,PASS
ch06,Rank,1,6,10,7,6,4,6,6,8,6,5,0.888137,64,64,1.0,False,False,PASS
ch06,FFT,1,3,9,8,8,11,3,8,5,5,4,0.23276,64,64,1.0,False,False,PASS
ch06,NonOverlappingTemplate,1,12,3,2,6,6,9,5,6,9,6,0.148094,63,64,0.984375,False,False,PASS
ch06,NonOverlappingTemplate,2,8,4,10,9,2,6,7,4,5,9,0.299251,63,64,0.984375,False,False,PASS
ch06,NonOverlappingTemplate,3,6,9,6,10,5,6,4,4,8,6,0.706149,64,64,1.0,False,False,PASS
ch06,NonOverlappingTemplate,4,3,7,6,6,4,10,11,6,6,5,0.407091,64,64,1.0,False,False,PASS
ch06,NonOverlappingTemplate,5,6,2,8,8,6,5,8,7,6,8,0.77276,64,64,1.0,False,False,PASS
ch06,NonOverlappingTemplate,6,7,5,4,7,8,5,10,8,3,7,0.637119,64,64,1.0,False,False,PASS
ch06,NonOverlappingTemplate,7,4,4,6,6,8,1,11,13,4,7,0.022503,64,64,1.0,False,False,PASS
ch06,NonOverlappingTemplate,8,7,5,5,6,9,8,5,6,9,4,0.834308,62,64,0.96875,False,False,PASS
ch06,NonOverlappingTemplate,9,10,7,4,9,7,5,6,6,6,4,0.739918,64,64,1.0,False,False,PASS
ch06,NonOverlappingTemplate,10,8,4,11,6,6,3,7,8,5,6,0.534146,62,64,0.96875,False,False,PASS
ch06,NonOverlappingTemplate,11,4,10,4,12,5,7,5,4,6,7,0.253551,63,64,0.984375,False,False,PASS
ch06,NonOverlappingTemplate,12,6,6,8,12,2,6,4,9,8,3,0.134686,64,64,1.0,False,False,PASS
ch06,NonOverlappingTemplate,13,6,6,7,6,3,4,2,11,9,10,0.148094,64,64,1.0,False,False,PASS
ch06,NonOverlappingTemplate,14,7,2,6,14,3,7,7,3,8,7,0.039244,62,64,0.96875,False,False,PASS
ch06,NonOverlappingTemplate,15,6,4,4,12,3,6,10,6,7,6,0.23276,64,64,1.0,False,False,PASS
ch06,NonOverlappingTemplate,16,3,10,6,5,4,7,4,5,12,8,0.178278,64,64,1.0,False,False,PASS
ch06,NonOverlappingTemplate,17,9,5,4,5,4,6,6,11,8,6,0.534146,64,64,1.0,False,False,PASS
ch06,NonOverlappingTemplate,18,9,6,4,7,8,7,6,5,7,5,0.931952,64,64,1.0,False,False,PASS
ch06,NonOverlappingTemplate,19,1,9,4,9,4,7,4,9,11,6,0.090936,64,64,1.0,False,False,PASS
ch06,NonOverlappingTemplate,20,1,6,6,9,9,5,9,5,5,9,0.299251,64,64,1.0,False,False,PASS
ch06,NonOverlappingTemplate,21,4,10,4,7,8,6,10,4,4,7,0.437274,63,64,0.984375,False,False,PASS
ch06,NonOverlappingTemplate,22,4,9,9,11,4,3,6,11,5,2,0.048716,64,64,1.0,False,False,PASS
ch06,NonOverlappingTemplate,23,4,8,8,8,5,4,10,8,7,2,0.378138,64,64,1.0,False,False,PASS
ch06,NonOverlappingTemplate,24,4,6,3,5,7,14,5,4,6,10,0.054199,63,64,0.984375,False,False,PASS
ch06,NonOverlappingTemplate,25,3,5,5,3,11,9,6,10,9,3,0.100508,64,64,1.0,False,False,PASS
ch06,NonOverlappingTemplate,26,2,7,9,7,9,5,5,5,8,7,0.602458,64,64,1.0,False,False,PASS
ch06,NonOverlappingTemplate,27,5,5,5,7,5,6,7,8,6,10,0.888137,63,64,0.984375,False,False,PASS
ch06,NonOverlappingTemplate,28,3,2,6,9,9,11,2,6,8,8,0.082177,63,64,0.984375,False,False,PASS
ch06,NonOverlappingTemplate,29,4,7,4,4,7,11,7,7,5,8,0.568055,63,64,0.984375,False,False,PASS
ch06,NonOverlappingTemplate,30,4,5,10,9,3,4,7,9,6,7,0.437274,63,64,0.984375,False,False,PASS
ch06,NonOverlappingTemplate,31,3,5,7,4,4,10,5,8,6,12,0.178278,64,64,1.0,False,False,PASS
ch06,NonOverlappingTemplate,32,6,4,3,12,9,7,6,5,6,6,0.350485,62,64,0.96875,False,False,PASS
ch06,NonOverlappingTemplate,33,6,1,5,12,4,4,6,12,7,7,0.035174,64,64,1.0,False,False,PASS
ch06,NonOverlappingTemplate,34,6,7,6,7,9,3,3,7,8,8,0.706149,63,64,0.984375,False,False,PASS
ch06,NonOverlappingTemplate,35,6,6,3,3,9,10,9,5,5,8,0.378138,64,64,1.0,False,False,PASS
ch06,NonOverlappingTemplate,36,6,5,4,4,10,7,7,9,6,6,0.739918,64,64,1.0,False,False,PASS
ch06,NonOverlappingTemplate,37,9,10,2,6,8,5,4,7,10,3,0.178278,64,64,1.0,False,False,PASS
ch06,NonOverlappingTemplate,38,4,10,5,9,6,3,7,7,5,8,0.568055,64,64,1.0,False,False,PASS
ch06,NonOverlappingTemplate,39,5,4,3,5,8,7,11,8,9,4,0.32418,62,64,0.96875,False,False,PASS
ch06,NonOverlappingTemplate,40,8,6,11,3,6,4,5,6,7,8,0.534146,64,64,1.0,False,False,PASS
ch06,NonOverlappingTemplate,41,4,3,7,2,7,11,10,5,8,7,0.162606,63,64,0.984375,False,False,PASS
ch06,NonOverlappingTemplate,42,3,3,12,7,6,8,3,4,7,11,0.060239,64,64,1.0,False,False,PASS
ch06,NonOverlappingTemplate,43,3,7,2,4,7,7,11,6,5,12,0.074177,64,64,1.0,False,False,PASS
ch06,NonOverlappingTemplate,44,10,6,9,7,5,8,2,4,6,7,0.468595,63,64,0.984375,False,False,PASS
ch06,NonOverlappingTemplate,45,5,6,8,5,5,6,7,7,6,9,0.964295,64,64,1.0,False,False,PASS
ch06,NonOverlappingTemplate,46,6,3,9,7,5,9,5,6,10,4,0.500934,64,64,1.0,False,False,PASS
ch06,NonOverlappingTemplate,47,5,5,6,8,6,5,7,10,7,5,0.888137,63,64,0.984375,False,False,PASS
ch06,NonOverlappingTemplate,48,7,8,3,6,5,7,6,7,5,10,0.77276,62,64,0.96875,False,False,PASS
ch06,NonOverlappingTemplate,49,4,7,5,6,11,3,4,11,5,8,0.195163,64,64,1.0,False,False,PASS
ch06,NonOverlappingTemplate,50,3,9,6,7,5,10,10,6,4,4,0.350485,64,64,1.0,False,False,PASS
ch06,NonOverlappingTemplate,51,4,11,6,6,8,3,8,8,4,6,0.437274,63,64,0.984375,False,False,PASS
ch06,NonOverlappingTemplate,52,3,11,5,10,5,4,9,5,7,5,0.253551,64,64,1.0,False,False,PASS
ch06,NonOverlappingTemplate,53,6,4,7,8,6,10,8,5,6,4,0.77276,64,64,1.0,False,False,PASS
ch06,NonOverlappingTemplate,54,5,7,4,8,5,5,12,5,6,7,0.500934,63,64,0.984375,False,False,PASS
ch06,NonOverlappingTemplate,55,8,8,4,5,10,7,2,7,4,9,0.350485,62,64,0.96875,False,False,PASS
ch06,NonOverlappingTemplate,56,4,6,4,8,12,2,8,8,5,7,0.195163,64,64,1.0,False,False,PASS
ch06,NonOverlappingTemplate,57,5,10,7,10,3,9,4,8,3,5,0.23276,64,64,1.0,False,False,PASS
ch06,NonOverlappingTemplate,58,7,5,11,8,4,6,7,4,7,5,0.637119,63,64,0.984375,False,False,PASS
ch06,NonOverlappingTemplate,59,2,8,7,8,5,5,8,7,6,8,0.739918,64,64,1.0,False,False,PASS
ch06,NonOverlappingTemplate,60,5,7,5,8,8,7,7,2,9,6,0.706149,63,64,0.984375,False,False,PASS
ch06,NonOverlappingTemplate,61,10,3,5,6,7,7,8,6,6,6,0.804337,63,64,0.984375,False,False,PASS
ch06,NonOverlappingTemplate,62,6,5,7,4,4,12,7,8,4,7,0.407091,64,64,1.0,False,False,PASS
ch06,NonOverlappingTemplate,63,9,6,4,2,9,3,8,8,6,9,0.299251,63,64,0.984375,False,False,PASS
ch06,NonOverlappingTemplate,64,5,5,6,8,3,10,5,6,8,8,0.671779,64,64,1.0,False,False,PASS
ch06,NonOverlappingTemplate,65,4,7,9,5,0,12,8,5,5,9,0.048716,63,64,0.984375,False,False,PASS
ch06,NonOverlappingTemplate,66,7,5,6,6,11,8,6,5,3,7,0.637119,63,64,0.984375,False,False,PASS
ch06,NonOverlappingTemplate,67,13,7,3,4,4,6,10,7,6,4,0.100508,63,64,0.984375,False,False,PASS
ch06,NonOverlappingTemplate,68,1,4,6,6,6,8,7,6,10,10,0.275709,64,64,1.0,False,False,PASS
ch06,NonOverlappingTemplate,69,4,7,5,8,5,6,9,8,7,5,0.888137,63,64,0.984375,False,False,PASS
ch06,NonOverlappingTemplate,70,10,6,12,7,2,11,4,5,4,3,0.028181,63,64,0.984375,False,False,PASS
ch06,NonOverlappingTemplate,71,6,6,8,7,8,5,7,3,7,7,0.931952,63,64,0.984375,False,False,PASS
ch06,NonOverlappingTemplate,72,4,10,4,3,8,8,11,8,3,5,0.148094,64,64,1.0,False,False,PASS
ch06,NonOverlappingTemplate,73,6,3,4,8,6,7,9,4,8,9,0.602458,64,64,1.0,False,False,PASS
ch06,NonOverlappingTemplate,74,6,10,8,6,2,6,8,5,4,9,0.437274,64,64,1.0,False,False,PASS
ch06,NonOverlappingTemplate,75,12,3,2,6,6,9,5,6,9,6,0.148094,63,64,0.984375,False,False,PASS
ch06,NonOverlappingTemplate,76,5,6,8,6,10,5,9,6,3,6,0.671779,64,64,1.0,False,False,PASS
ch06,NonOverlappingTemplate,77,3,3,6,11,5,7,5,8,9,7,0.350485,64,64,1.0,False,False,PASS
ch06,NonOverlappingTemplate,78,10,4,11,4,5,7,6,7,6,4,0.407091,62,64,0.96875,False,False,PASS
ch06,NonOverlappingTemplate,79,5,4,8,5,7,9,5,3,13,5,0.148094,64,64,1.0,False,False,PASS
ch06,NonOverlappingTemplate,80,11,9,7,8,1,3,6,9,6,4,0.110952,63,64,0.984375,False,False,PASS
ch06,NonOverlappingTemplate,81,9,5,7,4,7,7,6,7,6,6,0.964295,64,64,1.0,False,False,PASS
ch06,NonOverlappingTemplate,82,7,7,6,7,8,5,2,8,8,6,0.804337,62,64,0.96875,False,False,PASS
ch06,NonOverlappingTemplate,83,6,6,5,7,4,7,11,9,5,4,0.568055,63,64,0.984375,False,False,PASS
ch06,NonOverlappingTemplate,84,8,5,8,7,6,8,3,8,4,7,0.804337,63,64,0.984375,False,False,PASS
ch06,NonOverlappingTemplate,85,8,8,5,6,8,4,7,3,8,7,0.804337,63,64,0.984375,False,False,PASS
ch06,NonOverlappingTemplate,86,10,6,6,5,9,6,3,5,10,4,0.407091,61,64,0.953125,False,False,PASS
ch06,NonOverlappingTemplate,87,4,9,2,7,8,5,4,5,10,10,0.213309,61,64,0.953125,False,False,PASS
ch06,NonOverlappingTemplate,88,3,4,4,7,10,7,5,9,7,8,0.500934,64,64,1.0,False,False,PASS
ch06,NonOverlappingTemplate,89,4,8,8,5,7,4,7,5,8,8,0.862344,64,64,1.0,False,False,PASS
ch06,NonOverlappingTemplate,90,3,4,10,8,6,5,8,7,3,10,0.299251,64,64,1.0,False,False,PASS
ch06,NonOverlappingTemplate,91,6,7,5,6,4,2,12,10,4,8,0.134686,64,64,1.0,False,False,PASS
ch06,NonOverlappingTemplate,92,5,3,1,5,12,10,8,7,8,5,0.060239,64,64,1.0,False,False,PASS
ch06,NonOverlappingTemplate,93,4,7,7,4,10,4,10,7,4,7,0.468595,63,64,0.984375,False,False,PASS
ch06,NonOverlappingTemplate,94,7,5,10,10,6,1,4,7,6,8,0.253551,63,64,0.984375,False,False,PASS
ch06,NonOverlappingTemplate,95,3,4,9,10,4,9,12,3,5,5,0.060239,64,64,1.0,False,False,PASS
ch06,NonOverlappingTemplate,96,6,6,4,6,4,5,10,9,7,7,0.739918,64,64,1.0,False,False,PASS
ch06,NonOverlappingTemplate,97,7,5,4,5,6,8,4,7,10,8,0.739918,64,64,1.0,False,False,PASS
ch06,NonOverlappingTemplate,98,7,8,6,7,3,6,5,13,4,5,0.23276,62,64,0.96875,False,False,PASS
ch06,NonOverlappingTemplate,99,3,12,3,3,8,7,11,5,8,4,0.048716,64,64,1.0,False,False,PASS
ch06,NonOverlappingTemplate,100,7,4,3,11,5,7,5,6,10,6,0.378138,64,64,1.0,False,False,PASS
ch06,NonOverlappingTemplate,101,13,8,5,2,5,8,4,4,7,8,0.100508,63,64,0.984375,False,False,PASS
ch06,NonOverlappingTemplate,102,1,7,2,12,6,6,11,3,6,10,0.01125,64,64,1.0,False,False,PASS
ch06,NonOverlappingTemplate,103,9,9,7,5,5,7,6,3,5,8,0.739918,64,64,1.0,False,False,PASS
ch06,NonOverlappingTemplate,104,7,5,7,7,5,3,7,10,5,8,0.739918,63,64,0.984375,False,False,PASS
ch06,NonOverlappingTemplate,105,5,10,7,2,4,11,8,6,1,10,0.035174,64,64,1.0,False,False,PASS
ch06,NonOverlappingTemplate,106,8,6,7,4,7,9,5,3,9,6,0.706149,64,64,1.0,False,False,PASS
ch06,NonOverlappingTemplate,107,4,7,5,4,6,8,6,13,8,3,0.178278,64,64,1.0,False,False,PASS
ch06,NonOverlappingTemplate,108,8,6,8,2,6,12,5,10,3,4,0.090936,64,64,1.0,False,False,PASS
ch06,NonOverlappingTemplate,109,6,6,8,9,9,7,4,6,4,5,0.804337,64,64,1.0,False,False,PASS
ch06,NonOverlappingTemplate,110,6,7,8,5,9,6,4,4,9,6,0.804337,64,64,1.0,False,False,PASS
ch06,NonOverlappingTemplate,111,11,4,7,3,6,5,6,7,10,5,0.378138,63,64,0.984375,False,False,PASS
ch06,NonOverlappingTemplate,112,5,6,5,7,3,7,8,6,11,6,0.637119,64,64,1.0,False,False,PASS
ch06,NonOverlappingTemplate,113,13,7,3,5,9,2,7,7,4,7,0.082177,63,64,0.984375,False,False,PASS
ch06,NonOverlappingTemplate,114,4,0,5,5,5,9,10,10,6,10,0.054199,64,64,1.0,False,False,PASS
ch06,NonOverlappingTemplate,115,11,5,6,5,4,8,8,4,7,6,0.602458,62,64,0.96875,False,False,PASS
ch06,NonOverlappingTemplate,116,6,5,7,6,4,6,5,7,10,8,0.862344,64,64,1.0,False,False,PASS
ch06,NonOverlappingTemplate,117,6,5,5,4,8,4,7,12,8,5,0.407091,64,64,1.0,False,False,PASS
ch06,NonOverlappingTemplate,118,3,6,10,6,8,5,11,6,5,4,0.350485,64,64,1.0,False,False,PASS
ch06,NonOverlappingTemplate,119,8,8,6,6,3,3,7,3,12,8,0.178278,64,64,1.0,False,False,PASS
ch06,NonOverlappingTemplate,120,4,4,6,7,6,12,3,6,11,5,0.148094,64,64,1.0,False,False,PASS
ch06,NonOverlappingTemplate,121,4,5,6,4,8,11,8,4,7,7,0.534146,64,64,1.0,False,False,PASS
ch06,NonOverlappingTemplate,122,12,6,4,6,6,1,9,6,8,6,0.162606,64,64,1.0,False,False,PASS
ch06,NonOverlappingTemplate,123,6,5,5,6,4,6,7,7,7,11,0.77276,64,64,1.0,False,False,PASS
ch06,NonOverlappingTemplate,124,5,10,7,6,6,6,5,7,7,5,0.931952,63,64,0.984375,False,False,PASS
ch06,NonOverlappingTemplate,125,6,11,5,4,6,5,8,7,6,6,0.739918,64,64,1.0,False,False,PASS
ch06,NonOverlappingTemplate,126,3,5,9,5,10,6,8,6,3,9,0.378138,64,64,1.0,False,False,PASS
ch06,NonOverlappingTemplate,127,5,8,8,8,2,8,7,5,9,4,0.534146,64,64,1.0,False,False,PASS
ch06,NonOverlappingTemplate,128,10,5,5,3,4,6,7,8,7,9,0.568055,63,64,0.984375,False,False,PASS
ch06,NonOverlappingTemplate,129,6,5,3,5,8,6,11,10,5,5,0.378138,64,64,1.0,False,False,PASS
ch06,NonOverlappingTemplate,130,6,9,10,7,4,5,4,5,10,4,0.407091,64,64,1.0,False,False,PASS
ch06,NonOverlappingTemplate,131,3,6,11,4,7,8,8,3,4,10,0.178278,63,64,0.984375,False,False,PASS
ch06,NonOverlappingTemplate,132,6,4,6,6,8,9,5,7,8,5,0.911413,64,64,1.0,False,False,PASS
ch06,NonOverlappingTemplate,133,6,1,10,8,10,5,10,4,7,3,0.082177,63,64,0.984375,False,False,PASS
ch06,NonOverlappingTemplate,134,3,8,6,9,7,6,4,5,6,10,0.602458,63,64,0.984375,False,False,PASS
ch06,NonOverlappingTemplate,135,7,7,4,3,6,14,5,4,8,6,0.100508,63,64,0.984375,False,False,PASS
ch06,NonOverlappingTemplate,136,7,5,3,14,4,14,4,2,5,6,0.001232,62,64,0.96875,False,False,PASS
ch06,NonOverlappingTemplate,137,2,9,5,9,8,11,5,5,4,6,0.23276,64,64,1.0,False,False,PASS
ch06,NonOverlappingTemplate,138,7,5,8,4,11,5,5,6,6,7,0.706149,64,64,1.0,False,False,PASS
ch06,NonOverlappingTemplate,139,15,7,3,4,4,8,6,7,3,7,0.025193,63,64,0.984375,False,False,PASS
ch06,NonOverlappingTemplate,140,6,8,6,10,9,4,3,4,7,7,0.534146,64,64,1.0,False,False,PASS
ch06,NonOverlappingTemplate,141,7,8,11,6,6,3,6,3,8,6,0.468595,64,64,1.0,False,False,PASS
ch06,NonOverlappingTemplate,142,6,6,6,10,6,4,8,6,5,7,0.888137,64,64,1.0,False,False,PASS
ch06,NonOverlappingTemplate,143,5,4,9,4,8,6,6,12,5,5,0.350485,64,64,1.0,False,False,PASS
ch06,NonOverlappingTemplate,144,11,10,4,7,3,8,5,3,6,7,0.23276,63,64,0.984375,False,False,PASS
ch06,NonOverlappingTemplate,145,9,5,8,4,7,3,6,7,6,9,0.706149,64,64,1.0,False,False,PASS
ch06,NonOverlappingTemplate,146,9,3,5,6,7,12,7,6,2,7,0.195163,64,64,1.0,False,False,PASS
ch06,NonOverlappingTemplate,147,6,8,7,4,7,4,7,10,6,5,0.804337,64,64,1.0,False,False,PASS
ch06,NonOverlappingTemplate,148,5,11,8,6,2,6,8,5,4,9,0.299251,64,64,1.0,False,False,PASS
ch06,OverlappingTemplate,1,7,7,6,10,8,2,5,6,9,4,0.468595,64,64,1.0,False,False,PASS
ch06,Universal,1,6,6,5,5,11,6,7,8,3,7,0.637119,64,64,1.0,False,False,PASS
ch06,ApproximateEntropy,1,12,10,6,3,6,4,6,8,4,5,0.195163,63,64,0.984375,False,False,PASS
ch06,RandomExcursions,1,5,8,9,3,3,3,8,2,4,5,0.262249,49,50,0.98,False,False,PASS
ch06,RandomExcursions,2,5,7,3,4,5,2,6,7,4,7,0.779188,48,50,0.96,False,False,PASS
ch06,RandomExcursions,3,4,6,8,9,5,2,4,4,3,5,0.494392,50,50,1.0,False,False,PASS
ch06,RandomExcursions,4,2,6,5,6,4,9,6,4,4,4,0.699313,50,50,1.0,False,False,PASS
ch06,RandomExcursions,5,5,5,4,4,5,6,2,9,5,5,0.779188,49,50,0.98,False,False,PASS
ch06,RandomExcursions,6,5,6,4,6,5,2,3,5,5,9,0.699313,49,50,0.98,False,False,PASS
ch06,RandomExcursions,7,4,4,4,3,1,9,8,8,6,3,0.191687,50,50,1.0,False,False,PASS
ch06,RandomExcursions,8,3,5,9,9,5,8,3,2,2,4,0.137282,50,50,1.0,False,False,PASS
ch06,RandomExcursionsVariant,1,0,7,1,3,5,5,6,8,9,6,0.085587,50,50,1.0,False,False,PASS
ch06,RandomExcursionsVariant,2,1,3,4,4,6,6,6,4,7,9,0.419021,50,50,1.0,False,False,PASS
ch06,RandomExcursionsVariant,3,2,3,4,6,4,4,9,3,10,5,0.191687,50,50,1.0,False,False,PASS
ch06,RandomExcursionsVariant,4,1,5,6,1,6,3,9,9,2,8,0.040108,50,50,1.0,False,False,PASS
ch06,RandomExcursionsVariant,5,1,7,4,5,5,2,5,7,7,7,0.494392,50,50,1.0,False,False,PASS
ch06,RandomExcursionsVariant,6,2,9,4,5,4,2,6,7,7,4,0.419021,50,50,1.0,False,False,PASS
ch06,RandomExcursionsVariant,7,4,5,5,6,7,5,3,6,5,4,0.983453,50,50,1.0,False,False,PASS
ch06,RandomExcursionsVariant,8,7,3,7,5,9,4,4,6,4,1,0.383827,50,50,1.0,False,False,PASS
ch06,RandomExcursionsVariant,9,6,6,5,3,8,7,4,6,2,3,0.657933,50,50,1.0,False,False,PASS
ch06,RandomExcursionsVariant,10,5,6,3,3,2,1,11,8,4,7,0.051942,50,50,1.0,False,False,PASS
ch06,RandomExcursionsVariant,11,5,4,6,5,3,3,8,4,8,4,0.739918,50,50,1.0,False,False,PASS
ch06,RandomExcursionsVariant,12,6,3,7,5,4,4,8,5,5,3,0.851383,50,50,1.0,False,False,PASS
ch06,RandomExcursionsVariant,13,4,5,6,6,6,7,2,5,5,4,0.935716,50,50,1.0,False,False,PASS
ch06,RandomExcursionsVariant,14,4,3,7,4,7,7,5,4,3,6,0.851383,50,50,1.0,False,False,PASS
ch06,RandomExcursionsVariant,15,4,4,6,5,3,4,6,7,2,9,0.574903,49,50,0.98,False,False,PASS
ch06,RandomExcursionsVariant,16,3,6,4,4,5,4,6,3,11,4,0.350485,49,50,0.98,False,False,PASS
ch06,RandomExcursionsVariant,17,4,4,4,3,5,5,10,5,5,5,0.699313,49,50,0.98,False,False,PASS
ch06,RandomExcursionsVariant,18,4,2,8,4,2,6,5,9,4,6,0.383827,49,50,0.98,False,False,PASS
ch06,Serial,1,1,6,8,5,5,7,12,7,9,4,0.134686,64,64,1.0,False,False,PASS
ch06,Serial,2,1,7,4,2,11,8,7,5,11,8,0.039244,64,64,1.0,False,False,PASS
ch06,LinearComplexity,1,6,5,6,2,4,5,13,10,8,5,0.082177,64,64,1.0,False,False,PASS
ch07,Frequency,1,10,6,7,5,3,5,6,6,8,8,0.739918,61,64,0.953125,False,False,PASS
ch07,BlockFrequency,1,7,9,1,11,6,4,4,8,6,8,0.178278,63,64,0.984375,False,False,PASS
ch07,CumulativeSums,1,9,7,6,4,6,7,4,6,6,9,0.862344,60,64,0.9375,False,False,PASS
ch07,CumulativeSums,2,9,3,14,4,4,2,7,6,5,10,0.014216,61,64,0.953125,False,False,PASS
ch07,Runs,1,8,10,3,6,9,7,6,6,6,3,0.534146,63,64,0.984375,False,False,PASS
ch07,LongestRun,1,9,6,8,5,7,3,3,8,6,9,0.568055,64,64,1.0,False,False,PASS
ch07,Rank,1,7,1,4,7,8,5,12,7,8,5,0.162606,63,64,0.984375,False,False,PASS
ch07,FFT,1,5,7,11,6,7,4,7,4,4,9,0.500934,64,64,1.0,False,False,PASS
ch07,NonOverlappingTemplate,1,7,5,9,7,8,8,7,3,2,8,0.500934,64,64,1.0,False,False,PASS
ch07,NonOverlappingTemplate,2,5,10,7,6,3,7,5,11,5,5,0.407091,63,64,0.984375,False,False,PASS
ch07,NonOverlappingTemplate,3,8,6,8,4,10,6,4,4,9,5,0.568055,64,64,1.0,False,False,PASS
ch07,NonOverlappingTemplate,4,2,5,10,8,7,7,9,5,7,4,0.437274,64,64,1.0,False,False,PASS
ch07,NonOverlappingTemplate,5,3,7,3,8,2,8,5,13,10,5,0.031497,63,64,0.984375,False,False,PASS
ch07,NonOverlappingTemplate,6,4,8,3,12,4,5,9,8,6,5,0.213309,64,64,1.0,False,False,PASS
ch07,NonOverlappingTemplate,7,3,11,4,10,5,8,3,11,5,4,0.060239,64,64,1.0,False,False,PASS
ch07,NonOverlappingTemplate,8,4,5,11,6,4,7,12,4,7,4,0.148094,62,64,0.96875,False,False,PASS
ch07,NonOverlappingTemplate,9,11,5,3,9,2,8,9,4,6,7,0.162606,63,64,0.984375,False,False,PASS
ch07,NonOverlappingTemplate,10,7,4,4,8,5,12,4,4,6,10,0.195163,63,64,0.984375,False,False,PASS
ch07,NonOverlappingTemplate,11,8,4,5,5,8,6,9,8,4,7,0.804337,63,64,0.984375,False,False,PASS
ch07,NonOverlappingTemplate,12,8,11,7,6,2,3,10,6,5,6,0.213309,63,64,0.984375,False,False,PASS
ch07,NonOverlappingTemplate,13,8,8,5,5,5,5,13,5,2,8,0.134686,62,64,0.96875,False,False,PASS
ch07,NonOverlappingTemplate,14,8,6,9,4,4,5,11,4,5,8,0.407091,64,64,1.0,False,False,PASS
ch07,NonOverlappingTemplate,15,6,7,4,5,9,10,7,5,4,7,0.706149,64,64,1.0,False,False,PASS
ch07,NonOverlappingTemplate,16,7,13,3,5,5,5,8,4,6,8,0.195163,62,64,0.96875,False,False,PASS
ch07,NonOverlappingTemplate,17,8,5,9,2,9,7,8,6,4,6,0.534146,63,64,0.984375,False,False,PASS
ch07,NonOverlappingTemplate,18,9,7,7,4,7,7,5,5,4,9,0.804337,62,64,0.96875,False,False,PASS
ch07,NonOverlappingTemplate,19,5,7,2,8,6,6,8,6,9,7,0.739918,64,64,1.0,False,False,PASS
ch07,NonOverlappingTemplate,20,7,7,6,6,9,5,8,6,5,5,0.964295,64,64,1.0,False,False,PASS
ch07,NonOverlappingTemplate,21,7,8,7,9,4,8,4,9,3,5,0.568055,63,64,0.984375,False,False,PASS
ch07,NonOverlappingTemplate,22,4,11,13,8,3,5,4,3,6,7,0.039244,63,64,0.984375,False,False,PASS
ch07,NonOverlappingTemplate,23,12,4,4,8,8,2,5,10,5,6,0.110952,63,64,0.984375,False,False,PASS
ch07,NonOverlappingTemplate,24,5,4,10,2,6,12,4,9,6,6,0.110952,64,64,1.0,False,False,PASS
ch07,NonOverlappingTemplate,25,3,8,8,6,6,6,7,6,7,7,0.949602,64,64,1.0,False,False,PASS
ch07,NonOverlappingTemplate,26,6,7,4,3,8,5,7,7,11,6,0.568055,64,64,1.0,False,False,PASS
ch07,NonOverlappingTemplate,27,9,6,6,6,7,6,9,3,7,5,0.834308,62,64,0.96875,False,False,PASS
ch07,NonOverlappingTemplate,28,5,13,10,2,9,6,4,4,5,6,0.054199,63,64,0.984375,False,False,PASS
ch07,NonOverlappingTemplate,29,9,8,5,7,8,4,5,8,3,7,0.706149,63,64,0.984375,False,False,PASS
ch07,NonOverlappingTemplate,30,9,3,6,8,5,8,8,7,4,6,0.739918,64,64,1.0,False,False,PASS
ch07,NonOverlappingTemplate,31,8,10,3,8,7,4,7,5,8,4,0.534146,63,64,0.984375,False,False,PASS
ch07,NonOverlappingTemplate,32,7,7,7,4,6,9,2,5,11,6,0.378138,64,64,1.0,False,False,PASS
ch07,NonOverlappingTemplate,33,6,5,8,4,5,8,9,8,6,5,0.862344,64,64,1.0,False,False,PASS
ch07,NonOverlappingTemplate,34,6,11,3,8,1,9,10,3,4,9,0.031497,64,64,1.0,False,False,PASS
ch07,NonOverlappingTemplate,35,4,5,2,7,5,3,11,8,10,9,0.110952,63,64,0.984375,False,False,PASS
ch07,NonOverlappingTemplate,36,6,2,7,6,9,5,3,9,8,9,0.378138,64,64,1.0,False,False,PASS
ch07,NonOverlappingTemplate,37,4,10,5,8,11,7,6,2,7,4,0.213309,64,64,1.0,False,False,PASS
ch07,NonOverlappingTemplate,38,4,10,8,5,5,4,4,1,11,12,0.017912,64,64,1.0,False,False,PASS
ch07,NonOverlappingTemplate,39,7,6,8,4,8,5,5,6,8,7,0.949602,63,64,0.984375,False,False,PASS
ch07,NonOverlappingTemplate,40,5,3,11,5,7,7,9,7,5,5,0.500934,64,64,1.0,False,False,PASS
ch07,NonOverlappingTemplate,41,6,4,3,5,11,9,9,5,10,2,0.090936,64,64,1.0,False,False,PASS
ch07,NonOverlappingTemplate,42,7,5,7,4,7,4,6,6,10,8,0.804337,60,64,0.9375,False,False,PASS
ch07,NonOverlappingTemplate,43,6,8,6,6,5,6,9,7,6,5,0.97606,62,64,0.96875,False,False,PASS
ch07,NonOverlappingTemplate,44,5,5,7,5,8,6,7,9,3,9,0.739918,64,64,1.0,False,False,PASS
ch07,NonOverlappingTemplate,45,5,10,9,3,8,6,9,6,5,3,0.378138,64,64,1.0,False,False,PASS
ch07,NonOverlappingTemplate,46,6,4,10,2,10,6,11,1,9,5,0.028181,64,64,1.0,False,False,PASS
ch07,NonOverlappingTemplate,47,5,9,7,3,6,9,8,6,3,8,0.568055,64,64,1.0,False,False,PASS
ch07,NonOverlappingTemplate,48,7,8,6,7,5,4,7,6,8,6,0.97606,63,64,0.984375,False,False,PASS
ch07,NonOverlappingTemplate,49,8,6,8,9,6,4,3,4,3,13,0.082177,64,64,1.0,False,False,PASS
ch07,NonOverlappingTemplate,50,10,7,5,5,4,7,9,6,3,8,0.568055,63,64,0.984375,False,False,PASS
ch07,NonOverlappingTemplate,51,8,5,4,9,11,5,1,6,5,10,0.110952,64,64,1.0,False,False,PASS
ch07,NonOverlappingTemplate,52,6,8,8,9,5,7,7,9,1,4,0.378138,63,64,0.984375,False,False,PASS
ch07,NonOverlappingTemplate,53,4,5,8,6,5,9,4,8,9,6,0.739918,63,64,0.984375,False,False,PASS
ch07,NonOverlappingTemplate,54,9,2,11,8,9,4,8,6,1,6,0.066882,64,64,1.0,False,False,PASS
ch07,NonOverlappingTemplate,55,4,10,7,7,2,10,4,10,4,6,0.162606,64,64,1.0,False,False,PASS
ch07,NonOverlappingTemplate,56,8,9,6,7,5,7,11,7,0,4,0.134686,64,64,1.0,False,False,PASS
ch07,NonOverlappingTemplate,57,4,6,11,8,4,7,7,4,9,4,0.407091,64,64,1.0,False,False,PASS
ch07,NonOverlappingTemplate,58,11,4,8,7,2,4,10,5,7,6,0.213309,63,64,0.984375,False,False,PASS
ch07,NonOverlappingTemplate,59,8,5,10,6,3,7,7,5,7,6,0.77276,63,64,0.984375,False,False,PASS
ch07,NonOverlappingTemplate,60,4,9,5,6,5,9,6,7,3,10,0.500934,64,64,1.0,False,False,PASS
ch07,NonOverlappingTemplate,61,6,10,7,2,7,1,6,6,11,8,0.100508,64,64,1.0,False,False,PASS
ch07,NonOverlappingTemplate,62,7,6,10,7,9,6,4,5,4,6,0.739918,63,64,0.984375,False,False,PASS
ch07,NonOverlappingTemplate,63,8,4,5,6,8,7,9,7,6,4,0.862344,63,64,0.984375,False,False,PASS
ch07,NonOverlappingTemplate,64,4,6,7,8,6,10,4,9,3,7,0.534146,63,64,0.984375,False,False,PASS
ch07,NonOverlappingTemplate,65,6,5,8,4,10,6,6,7,10,2,0.378138,64,64,1.0,False,False,PASS
ch07,NonOverlappingTemplate,66,6,7,7,9,6,10,8,2,4,5,0.468595,63,64,0.984375,False,False,PASS
ch07,NonOverlappingTemplate,67,9,10,10,8,2,5,3,5,7,5,0.195163,64,64,1.0,False,False,PASS
ch07,NonOverlappingTemplate,68,3,11,7,6,7,8,5,8,4,5,0.500934,63,64,0.984375,False,False,PASS
ch07,NonOverlappingTemplate,69,10,9,5,4,3,5,9,3,8,8,0.275709,63,64,0.984375,False,False,PASS
ch07,NonOverlappingTemplate,70,7,4,3,5,8,8,7,9,7,6,0.77276,63,64,0.984375,False,False,PASS
ch07,NonOverlappingTemplate,71,12,8,0,8,3,8,3,9,10,3,0.00699,64,64,1.0,False,False,PASS
ch07,NonOverlappingTemplate,72,4,8,6,6,5,4,11,10,5,5,0.407091,64,64,1.0,False,False,PASS
ch07,NonOverlappingTemplate,73,7,9,5,5,5,6,6,7,7,7,0.97606,64,64,1.0,False,False,PASS
ch07,NonOverlappingTemplate,74,13,4,4,9,6,2,6,10,3,7,0.035174,61,64,0.953125,False,False,PASS
ch07,NonOverlappingTemplate,75,7,5,9,7,8,8,7,3,2,8,0.500934,64,64,1.0,False,False,PASS
ch07,NonOverlappingTemplate,76,7,7,5,9,2,9,3,7,11,4,0.178278,62,64,0.96875,False,False,PASS
ch07,NonOverlappingTemplate,77,8,12,5,8,3,4,9,7,2,6,0.122325,63,64,0.984375,False,False,PASS
ch07,NonOverlappingTemplate,78,4,9,5,7,4,4,8,6,6,11,0.468595,64,64,1.0,False,False,PASS
ch07,NonOverlappingTemplate,79,7,5,4,6,3,10,10,7,4,8,0.407091,63,64,0.984375,False,False,PASS
ch07,NonOverlappingTemplate,80,9,5,4,6,5,9,7,12,3,4,0.195163,64,64,1.0,False,False,PASS
ch07,NonOverlappingTemplate,81,6,2,9,12,7,7,7,5,6,3,0.195163,64,64,1.0,False,False,PASS
ch07,NonOverlappingTemplate,82,11,4,5,4,6,11,7,3,7,6,0.23276,64,64,1.0,False,False,PASS
ch07,NonOverlappingTemplate,83,6,5,7,7,7,8,6,6,7,5,0.995711,63,64,0.984375,False,False,PASS
ch07,NonOverlappingTemplate,84,7,7,6,4,6,5,7,7,5,10,0.888137,64,64,1.0,False,False,PASS
ch07,NonOverlappingTemplate,85,6,7,4,7,8,6,7,6,4,9,0.911413,64,64,1.0,False,False,PASS
ch07,NonOverlappingTemplate,86,4,5,6,10,6,3,5,15,8,2,0.008879,63,64,0.984375,False,False,PASS
ch07,NonOverlappingTemplate,87,6,11,3,7,5,5,7,9,5,6,0.534146,64,64,1.0,False,False,PASS
ch07,NonOverlappingTemplate,88,6,4,12,4,5,12,8,4,3,6,0.060239,63,64,0.984375,False,False,PASS
ch07,NonOverlappingTemplate,89,7,6,4,5,6,4,6,9,8,9,0.804337,64,64,1.0,False,False,PASS
ch07,NonOverlappingTemplate,90,5,7,7,4,5,8,6,9,6,7,0.931952,64,64,1.0,False,False,PASS
ch07,NonOverlappingTemplate,91,7,9,2,9,9,4,7,8,4,5,0.378138,63,64,0.984375,False,False,PASS
ch07,NonOverlappingTemplate,92,5,6,6,6,10,6,2,6,11,6,0.378138,64,64,1.0,False,False,PASS
ch07,NonOverlappingTemplate,93,8,4,4,9,5,8,5,8,4,9,0.602458,64,64,1.0,False,False,PASS
ch07,NonOverlappingTemplate,94,4,8,7,4,7,10,8,4,2,10,0.23276,63,64,0.984375,False,False,PASS
ch07,NonOverlappingTemplate,95,8,7,8,4,10,7,6,5,5,4,0.739918,61,64,0.953125,False,False,PASS
ch07,NonOverlappingTemplate,96,5,5,8,9,5,10,5,5,4,8,0.637119,62,64,0.96875,False,False,PASS
ch07,NonOverlappingTemplate,97,8,12,3,7,7,9,4,3,3,8,0.110952,64,64,1.0,False,False,PASS
ch07,NonOverlappingTemplate,98,7,4,3,6,5,8,8,4,11,8,0.407091,64,64,1.0,False,False,PASS
ch07,NonOverlappingTemplate,99,4,7,12,7,7,3,7,8,3,6,0.275709,64,64,1.0,False,False,PASS
ch07,NonOverlappingTemplate,100,6,6,4,2,7,2,11,10,11,5,0.043745,64,64,1.0,False,False,PASS
ch07,NonOverlappingTemplate,101,7,7,7,6,6,9,7,5,5,5,0.97606,64,64,1.0,False,False,PASS
ch07,NonOverlappingTemplate,102,8,6,10,6,4,6,6,8,3,7,0.706149,63,64,0.984375,False,False,PASS
ch07,NonOverlappingTemplate,103,5,8,5,5,3,6,8,8,8,8,0.804337,64,64,1.0,False,False,PASS
ch07,NonOverlappingTemplate,104,6,4,3,8,7,5,7,7,7,10,0.706149,64,64,1.0,False,False,PASS
ch07,NonOverlappingTemplate,105,7,8,5,8,3,7,5,5,8,8,0.834308,64,64,1.0,False,False,PASS
ch07,NonOverlappingTemplate,106,10,6,7,6,5,7,5,1,10,7,0.32418,64,64,1.0,False,False,PASS
ch07,NonOverlappingTemplate,107,4,4,9,6,5,7,7,9,6,7,0.834308,64,64,1.0,False,False,PASS
ch07,NonOverlappingTemplate,108,12,6,5,9,3,7,5,4,6,7,0.32418,62,64,0.96875,False,False,PASS
ch07,NonOverlappingTemplate,109,4,4,9,2,4,7,8,9,12,5,0.100508,62,64,0.96875,False,False,PASS
ch07,NonOverlappingTemplate,110,4,8,6,5,7,3,12,7,5,7,0.378138,62,64,0.96875,False,False,PASS
ch07,NonOverlappingTemplate,111,5,8,8,7,7,6,7,3,8,5,0.888137,64,64,1.0,False,False,PASS
ch07,NonOverlappingTemplate,112,8,4,2,10,9,4,7,9,3,8,0.178278,64,64,1.0,False,False,PASS
ch07,NonOverlappingTemplate,113,7,6,6,7,6,5,10,10,5,2,0.468595,64,64,1.0,False,False,PASS
ch07,NonOverlappingTemplate,114,6,5,5,7,12,10,4,5,8,2,0.148094,64,64,1.0,False,False,PASS
ch07,NonOverlappingTemplate,115,3,10,4,7,8,2,6,7,10,7,0.253551,64,64,1.0,False,False,PASS
ch07,NonOverlappingTemplate,116,6,6,5,9,5,7,5,8,6,7,0.964295,64,64,1.0,False,False,PASS
ch07,NonOverlappingTemplate,117,8,11,5,8,4,6,7,3,7,5,0.500934,64,64,1.0,False,False,PASS
ch07,NonOverlappingTemplate,118,11,7,4,5,9,7,6,6,5,4,0.568055,62,64,0.96875,False,False,PASS
ch07,NonOverlappingTemplate,119,3,8,6,12,6,8,9,5,5,2,0.148094,64,64,1.0,False,False,PASS
ch07,NonOverlappingTemplate,120,8,6,7,8,9,7,3,3,6,7,0.706149,64,64,1.0,False,False,PASS
ch07,NonOverlappingTemplate,121,8,13,6,5,6,7,2,6,8,3,0.122325,64,64,1.0,False,False,PASS
ch07,NonOverlappingTemplate,122,8,1,5,6,4,8,11,6,9,6,0.213309,64,64,1.0,False,False,PASS
ch07,NonOverlappingTemplate,123,7,6,10,7,7,3,8,5,3,8,0.568055,64,64,1.0,False,False,PASS
ch07,NonOverlappingTemplate,124,4,9,7,5,5,4,1,6,8,15,0.009998,64,64,1.0,False,False,PASS
ch07,NonOverlappingTemplate,125,7,4,8,6,5,6,8,6,8,6,0.964295,61,64,0.953125,False,False,PASS
ch07,NonOverlappingTemplate,126,8,5,3,6,4,10,3,6,12,7,0.148094,63,64,0.984375,False,False,PASS
ch07,NonOverlappingTemplate,127,6,7,10,7,5,4,4,7,6,8,0.804337,63,64,0.984375,False,False,PASS
ch07,NonOverlappingTemplate,128,6,4,6,13,4,5,5,7,6,8,0.299251,64,64,1.0,False,False,PASS
ch07,NonOverlappingTemplate,129,7,7,6,3,7,7,5,7,10,5,0.804337,64,64,1.0,False,False,PASS
ch07,NonOverlappingTemplate,130,9,5,5,5,5,6,7,10,4,8,0.706149,64,64,1.0,False,False,PASS
ch07,NonOverlappingTemplate,131,7,7,9,5,4,7,5,8,4,8,0.834308,64,64,1.0,False,False,PASS
ch07,NonOverlappingTemplate,132,9,5,7,9,3,7,7,3,5,9,0.500934,61,64,0.953125,False,False,PASS
ch07,NonOverlappingTemplate,133,7,4,7,6,7,8,4,8,10,3,0.602458,64,64,1.0,False,False,PASS
ch07,NonOverlappingTemplate,134,6,9,4,5,5,7,7,7,8,6,0.931952,63,64,0.984375,False,False,PASS
ch07,NonOverlappingTemplate,135,2,6,6,11,6,6,9,5,7,6,0.468595,62,64,0.96875,False,False,PASS
ch07,NonOverlappingTemplate,136,2,8,7,5,6,3,5,11,8,9,0.23276,64,64,1.0,False,False,PASS
ch07,NonOverlappingTemplate,137,9,3,6,5,6,4,9,10,6,6,0.534146,62,64,0.96875,False,False,PASS
ch07,NonOverlappingTemplate,138,8,4,9,7,5,6,7,2,5,11,0.32418,63,64,0.984375,False,False,PASS
ch07,NonOverlappingTemplate,139,9,7,8,6,6,6,2,5,4,11,0.350485,63,64,0.984375,False,False,PASS
ch07,NonOverlappingTemplate,140,13,4,6,8,3,4,5,8,5,8,0.148094,62,64,0.96875,False,False,PASS
ch07,NonOverlappingTemplate,141,7,7,4,4,5,11,9,3,8,6,0.378138,64,64,1.0,False,False,PASS
ch07,NonOverlappingTemplate,142,6,8,11,4,7,5,6,4,7,6,0.671779,64,64,1.0,False,False,PASS
ch07,NonOverlappingTemplate,143,6,8,6,3,9,3,5,10,6,8,0.468595,63,64,0.984375,False,False,PASS
ch07,NonOverlappingTemplate,144,6,8,8,3,11,3,5,6,7,7,0.437274,63,64,0.984375,False,False,PASS
ch07,NonOverlappingTemplate,145,10,4,8,6,4,10,7,3,6,6,0.437274,62,64,0.96875,False,False,PASS
ch07,NonOverlappingTemplate,146,6,4,8,10,6,7,6,5,3,9,0.602458,63,64,0.984375,False,False,PASS
ch07,NonOverlappingTemplate,147,7,12,9,5,8,3,3,7,5,5,0.213309,62,64,0.96875,False,False,PASS
ch07,NonOverlappingTemplate,148,13,4,4,9,6,2,6,10,3,7,0.035174,61,64,0.953125,False,False,PASS
ch07,OverlappingTemplate,1,6,7,8,8,6,6,5,9,8,1,0.534146,63,64,0.984375,False,False,PASS
ch07,Universal,1,6,8,7,6,5,5,5,10,8,4,0.804337,64,64,1.0,False,False,PASS
ch07,ApproximateEntropy,1,7,8,4,6,8,3,9,6,5,8,0.739918,63,64,0.984375,False,False,PASS
ch07,RandomExcursions,1,5,5,5,4,4,2,6,6,4,5,0.911413,45,46,0.9782608695652174,False,False,PASS
ch07,RandomExcursions,2,2,6,1,4,3,9,8,4,3,6,0.066882,46,46,1.0,False,False,PASS
ch07,RandomExcursions,3,1,2,7,3,6,8,4,8,5,2,0.066882,46,46,1.0,False,False,PASS
ch07,RandomExcursions,4,5,3,6,3,5,5,4,5,5,5,0.964295,45,46,0.9782608695652174,False,False,PASS
ch07,RandomExcursions,5,2,4,7,6,5,3,1,4,8,6,0.213309,46,46,1.0,False,False,PASS
ch07,RandomExcursions,6,5,1,4,5,5,6,8,3,5,4,0.484646,46,46,1.0,False,False,PASS
ch07,RandomExcursions,7,4,8,6,0,4,2,8,4,4,6,0.090936,46,46,1.0,False,False,PASS
ch07,RandomExcursions,8,9,3,5,1,4,7,3,8,3,3,0.066882,46,46,1.0,False,False,PASS
ch07,RandomExcursionsVariant,1,3,5,3,4,1,3,9,6,5,7,0.162606,45,46,0.9782608695652174,False,False,PASS
ch07,RandomExcursionsVariant,2,4,5,3,2,5,2,8,6,3,8,0.213309,45,46,0.9782608695652174,False,False,PASS
ch07,RandomExcursionsVariant,3,2,6,2,5,3,2,8,6,5,7,0.213309,45,46,0.9782608695652174,False,False,PASS
ch07,RandomExcursionsVariant,4,2,3,5,6,3,6,3,6,7,5,0.585209,46,46,1.0,False,False,PASS
ch07,RandomExcursionsVariant,5,3,6,5,5,4,5,5,2,5,6,0.875539,46,46,1.0,False,False,PASS
ch07,RandomExcursionsVariant,6,6,7,3,4,4,3,2,7,4,6,0.534146,46,46,1.0,False,False,PASS
ch07,RandomExcursionsVariant,7,4,6,4,7,2,4,8,4,4,3,0.484646,45,46,0.9782608695652174,False,False,PASS
ch07,RandomExcursionsVariant,8,5,3,4,8,6,3,5,2,3,7,0.392456,46,46,1.0,False,False,PASS
ch07,RandomExcursionsVariant,9,3,6,6,2,5,8,4,2,6,4,0.392456,46,46,1.0,False,False,PASS
ch07,RandomExcursionsVariant,10,4,4,6,5,3,6,6,5,2,5,0.834308,46,46,1.0,False,False,PASS
ch07,RandomExcursionsVariant,11,4,5,3,7,6,3,6,2,3,7,0.484646,46,46,1.0,False,False,PASS
ch07,RandomExcursionsVariant,12,4,6,4,2,4,6,6,4,6,4,0.834308,46,46,1.0,False,False,PASS
ch07,RandomExcursionsVariant,13,3,8,2,7,5,3,3,3,5,7,0.275709,46,46,1.0,False,False,PASS
ch07,RandomExcursionsVariant,14,3,10,3,2,5,6,5,6,4,2,0.122325,46,46,1.0,False,False,PASS
ch07,RandomExcursionsVariant,15,2,10,8,4,3,4,3,5,5,2,0.066882,46,46,1.0,False,False,PASS
ch07,RandomExcursionsVariant,16,2,9,10,6,3,2,3,4,4,3,0.025193,46,46,1.0,False,False,PASS
ch07,RandomExcursionsVariant,17,4,9,7,12,1,2,2,2,4,3,0.000439,46,46,1.0,False,False,PASS
ch07,RandomExcursionsVariant,18,4,7,6,8,5,4,4,2,3,3,0.437274,46,46,1.0,False,False,PASS
ch07,Serial,1,6,5,4,6,8,5,8,6,10,6,0.834308,64,64,1.0,False,False,PASS
ch07,Serial,2,6,4,8,7,6,9,5,6,9,4,0.804337,64,64,1.0,False,False,PASS
ch07,LinearComplexity,1,6,2,7,7,10,6,5,7,6,8,0.671779,64,64,1.0,False,False,PASS
ch08,Frequency,1,11,6,6,4,10,5,5,6,5,6,0.534146,62,64,0.96875,False,False,PASS
ch08,BlockFrequency,1,12,6,4,8,4,5,5,6,6,8,0.437274,63,64,0.984375,False,False,PASS
ch08,CumulativeSums,1,14,5,6,5,2,6,5,12,5,4,0.014216,62,64,0.96875,False,False,PASS
ch08,CumulativeSums,2,11,4,6,11,2,4,9,5,6,6,0.122325,62,64,0.96875,False,False,PASS
ch08,Runs,1,5,5,5,10,7,7,3,6,7,9,0.671779,62,64,0.96875,False,False,PASS
ch08,LongestRun,1,8,8,3,6,8,4,6,3,10,8,0.437274,62,64,0.96875,False,False,PASS
ch08,Rank,1,9,6,4,3,5,4,7,8,13,5,0.134686,63,64,0.984375,False,False,PASS
ch08,FFT,1,9,6,4,4,8,9,7,8,5,4,0.671779,63,64,0.984375,False,False,PASS
ch08,NonOverlappingTemplate,1,5,3,7,5,7,9,7,11,2,8,0.253551,64,64,1.0,False,False,PASS
ch08,NonOverlappingTemplate,2,5,7,7,4,4,5,8,7,11,6,0.637119,62,64,0.96875,False,False,PASS
ch08,NonOverlappingTemplate,3,7,6,8,7,3,6,6,5,6,10,0.804337,63,64,0.984375,False,False,PASS
ch08,NonOverlappingTemplate,4,10,5,8,4,4,5,8,8,5,7,0.671779,64,64,1.0,False,False,PASS
ch08,NonOverlappingTemplate,5,8,3,4,6,9,11,5,8,6,4,0.350485,63,64,0.984375,False,False,PASS
ch08,NonOverlappingTemplate,6,11,3,5,6,7,8,9,5,5,5,0.468595,63,64,0.984375,False,False,PASS
ch08,NonOverlappingTemplate,7,6,4,6,8,7,4,8,8,5,8,0.888137,64,64,1.0,False,False,PASS
ch08,NonOverlappingTemplate,8,5,7,11,6,5,7,3,6,4,10,0.378138,63,64,0.984375,False,False,PASS
ch08,NonOverlappingTemplate,9,4,8,12,8,5,6,2,2,11,6,0.039244,63,64,0.984375,False,False,PASS
ch08,NonOverlappingTemplate,10,2,3,12,7,9,2,4,7,9,9,0.031497,64,64,1.0,False,False,PASS
ch08,NonOverlappingTemplate,11,2,8,8,8,10,2,7,8,3,8,0.162606,64,64,1.0,False,False,PASS
ch08,NonOverlappingTemplate,12,7,5,7,7,4,11,10,6,3,4,0.32418,64,64,1.0,False,False,PASS
ch08,NonOverlappingTemplate,13,6,4,7,3,5,9,6,2,8,14,0.035174,61,64,0.953125,False,False,PASS
ch08,NonOverlappingTemplate,14,8,2,2,7,6,10,6,9,8,6,0.275709,64,64,1.0,False,False,PASS
ch08,NonOverlappingTemplate,15,8,5,5,10,4,6,4,5,7,10,0.534146,64,64,1.0,False,False,PASS
ch08,NonOverlappingTemplate,16,7,5,11,4,5,4,6,5,8,9,0.500934,63,64,0.984375,False,False,PASS
ch08,NonOverlappingTemplate,17,6,13,3,9,5,6,4,4,7,7,0.162606,62,64,0.96875,False,False,PASS
ch08,NonOverlappingTemplate,18,5,6,8,5,6,7,8,7,6,6,0.991468,64,64,1.0,False,False,PASS
ch08,NonOverlappingTemplate,19,4,7,5,6,9,5,3,10,5,10,0.378138,62,64,0.96875,False,False,PASS
ch08,NonOverlappingTemplate,20,8,3,7,7,9,2,11,3,10,4,0.074177,62,64,0.96875,False,False,PASS
ch08,NonOverlappingTemplate,21,5,5,8,5,9,4,8,10,4,6,0.602458,63,64,0.984375,False,False,PASS
ch08,NonOverlappingTemplate,22,4,5,8,10,7,3,8,8,6,5,0.602458,64,64,1.0,False,False,PASS
ch08,NonOverlappingTemplate,23,4,5,10,6,8,8,6,7,4,6,0.77276,64,64,1.0,False,False,PASS
ch08,NonOverlappingTemplate,24,6,5,6,8,10,5,6,7,7,4,0.862344,63,64,0.984375,False,False,PASS
ch08,NonOverlappingTemplate,25,5,4,1,15,7,2,7,9,7,7,0.00549,64,64,1.0,False,False,PASS
ch08,NonOverlappingTemplate,26,8,2,5,8,9,5,7,4,7,9,0.500934,63,64,0.984375,False,False,PASS
ch08,NonOverlappingTemplate,27,10,6,6,4,6,4,12,7,5,4,0.275709,63,64,0.984375,False,False,PASS
ch08,NonOverlappingTemplate,28,4,7,9,2,8,8,6,7,9,4,0.468595,64,64,1.0,False,False,PASS
ch08,NonOverlappingTemplate,29,7,10,5,4,6,10,6,6,4,6,0.637119,63,64,0.984375,False,False,PASS
ch08,NonOverlappingTemplate,30,5,4,10,7,7,5,9,4,6,7,0.706149,64,64,1.0,False,False,PASS
ch08,NonOverlappingTemplate,31,8,7,5,3,6,4,11,6,6,8,0.534146,60,64,0.9375,False,False,PASS
ch08,NonOverlappingTemplate,32,8,6,5,5,7,6,7,8,6,6,0.991468,62,64,0.96875,False,False,PASS
ch08,NonOverlappingTemplate,33,5,7,4,7,4,6,10,10,5,6,0.602458,64,64,1.0,False,False,PASS
ch08,NonOverlappingTemplate,34,10,4,8,7,4,4,6,3,7,11,0.253551,63,64,0.984375,False,False,PASS
ch08,NonOverlappingTemplate,35,7,9,7,7,5,6,5,7,4,7,0.949602,63,64,0.984375,False,False,PASS
ch08,NonOverlappingTemplate,36,5,3,7,7,7,5,7,9,4,10,0.602458,64,64,1.0,False,False,PASS
ch08,NonOverlappingTemplate,37,6,8,6,10,5,7,8,6,4,4,0.77276,64,64,1.0,False,False,PASS
ch08,NonOverlappingTemplate,38,11,5,6,9,6,5,4,6,8,4,0.534146,62,64,0.96875,False,False,PASS
ch08,NonOverlappingTemplate,39,9,6,6,6,7,9,8,6,3,4,0.739918,64,64,1.0,False,False,PASS
ch08,NonOverlappingTemplate,40,4,2,8,6,9,9,10,6,3,7,0.253551,64,64,1.0,False,False,PASS
ch08,NonOverlappingTemplate,41,9,7,5,5,7,6,8,5,4,8,0.888137,64,64,1.0,False,False,PASS
ch08,NonOverlappingTemplate,42,2,3,8,10,6,8,9,4,8,6,0.275709,64,64,1.0,False,False,PASS
ch08,NonOverlappingTemplate,43,8,10,6,5,6,8,6,7,5,3,0.739918,61,64,0.953125,False,False,PASS
ch08,NonOverlappingTemplate,44,8,8,3,9,10,4,6,4,3,9,0.253551,63,64,0.984375,False,False,PASS
ch08,NonOverlappingTemplate,45,4,6,6,3,9,4,7,9,9,7,0.568055,64,64,1.0,False,False,PASS
ch08,NonOverlappingTemplate,46,7,4,7,8,7,5,3,9,4,10,0.500934,63,64,0.984375,False,False,PASS
ch08,NonOverlappingTemplate,47,5,5,3,10,7,7,9,6,8,4,0.568055,64,64,1.0,False,False,PASS
ch08,NonOverlappingTemplate,48,8,2,5,8,7,5,3,6,12,8,0.178278,63,64,0.984375,False,False,PASS
ch08,NonOverlappingTemplate,49,2,7,4,10,8,6,5,8,6,8,0.500934,64,64,1.0,False,False,PASS
ch08,NonOverlappingTemplate,50,4,2,7,9,8,4,10,9,7,4,0.253551,64,64,1.0,False,False,PASS
ch08,NonOverlappingTemplate,51,7,4,6,7,6,7,8,4,7,8,0.949602,63,64,0.984375,False,False,PASS
ch08,NonOverlappingTemplate,52,5,7,6,3,11,10,5,3,6,8,0.275709,64,64,1.0,False,False,PASS
ch08,NonOverlappingTemplate,53,13,7,5,5,5,4,7,8,8,2,0.134686,63,64,0.984375,False,False,PASS
ch08,NonOverlappingTemplate,54,6,10,5,5,5,3,8,6,8,8,0.671779,63,64,0.984375,False,False,PASS
ch08,NonOverlappingTemplate,55,7,9,9,2,8,2,7,3,7,10,0.134686,63,64,0.984375,False,False,PASS
ch08,NonOverlappingTemplate,56,8,8,10,6,2,6,6,5,10,3,0.275709,62,64,0.96875,False,False,PASS
ch08,NonOverlappingTemplate,57,6,6,6,8,10,6,2,7,7,6,0.706149,62,64,0.96875,False,False,PASS
ch08,NonOverlappingTemplate,58,8,11,2,3,7,11,5,5,5,7,0.122325,63,64,0.984375,False,False,PASS
ch08,NonOverlappingTemplate,59,8,10,3,10,2,10,6,3,3,9,0.043745,64,64,1.0,False,False,PASS
ch08,NonOverlappingTemplate,60,2,5,9,11,5,11,6,5,7,3,0.100508,64,64,1.0,False,False,PASS
ch08,NonOverlappingTemplate,61,5,9,7,7,6,9,8,5,3,5,0.739918,64,64,1.0,False,False,PASS
ch08,NonOverlappingTemplate,62,3,9,5,4,9,10,8,4,7,5,0.378138,64,64,1.0,False,False,PASS
ch08,NonOverlappingTemplate,63,9,8,8,7,6,2,8,6,6,4,0.637119,64,64,1.0,False,False,PASS
ch08,NonOverlappingTemplate,64,7,9,6,6,9,5,7,7,5,3,0.804337,64,64,1.0,False,False,PASS
ch08,NonOverlappingTemplate,65,9,4,7,7,4,6,7,6,7,7,0.931952,62,64,0.96875,False,False,PASS
ch08,NonOverlappingTemplate,66,4,9,6,13,10,7,5,4,3,3,0.048716,62,64,0.96875,False,False,PASS
ch08,NonOverlappingTemplate,67,3,5,8,8,10,4,7,10,4,5,0.350485,63,64,0.984375,False,False,PASS
ch08,NonOverlappingTemplate,68,8,8,8,4,8,6,4,7,9,2,0.500934,63,64,0.984375,False,False,PASS
ch08,NonOverlappingTemplate,69,5,6,3,7,9,12,5,5,9,3,0.178278,64,64,1.0,False,False,PASS
ch08,NonOverlappingTemplate,70,6,9,5,7,4,8,7,7,5,6,0.931952,62,64,0.96875,False,False,PASS
ch08,NonOverlappingTemplate,71,6,4,5,7,8,11,4,4,9,6,0.468595,62,64,0.96875,False,False,PASS
ch08,NonOverlappingTemplate,72,9,7,4,6,7,5,3,10,5,8,0.568055,63,64,0.984375,False,False,PASS
ch08,NonOverlappingTemplate,73,9,8,9,1,6,2,7,7,8,7,0.23276,64,64,1.0,False,False,PASS
ch08,NonOverlappingTemplate,74,6,2,9,2,5,7,6,10,11,6,0.122325,63,64,0.984375,False,False,PASS
ch08,NonOverlappingTemplate,75,5,3,7,5,7,9,7,11,2,8,0.253551,64,64,1.0,False,False,PASS
ch08,NonOverlappingTemplate,76,9,5,5,8,4,4,7,10,5,7,0.637119,63,64,0.984375,False,False,PASS
ch08,NonOverlappingTemplate,77,7,8,7,8,6,9,4,2,11,2,0.148094,64,64,1.0,False,False,PASS
ch08,NonOverlappingTemplate,78,10,8,6,3,6,3,7,11,5,5,0.275709,64,64,1.0,False,False,PASS
ch08,NonOverlappingTemplate,79,7,12,7,4,6,13,2,5,6,2,0.014216,64,64,1.0,False,False,PASS
ch08,NonOverlappingTemplate,80,8,5,6,7,3,9,5,6,9,6,0.77276,63,64,0.984375,False,False,PASS
ch08,NonOverlappingTemplate,81,8,3,9,2,6,8,5,6,9,8,0.407091,63,64,0.984375,False,False,PASS
ch08,NonOverlappingTemplate,82,3,8,6,6,7,9,8,5,6,6,0.862344,63,64,0.984375,False,False,PASS
ch08,NonOverlappingTemplate,83,5,7,4,11,2,10,7,6,7,5,0.275709,64,64,1.0,False,False,PASS
ch08,NonOverlappingTemplate,84,6,6,8,9,4,9,5,8,4,5,0.739918,63,64,0.984375,False,False,PASS
ch08,NonOverlappingTemplate,85,8,5,6,4,6,8,5,7,9,6,0.911413,64,64,1.0,False,False,PASS
ch08,NonOverlappingTemplate,86,13,7,8,9,3,6,5,5,3,5,0.122325,63,64,0.984375,False,False,PASS
ch08,NonOverlappingTemplate,87,8,4,7,9,6,6,8,3,10,3,0.407091,63,64,0.984375,False,False,PASS
ch08,NonOverlappingTemplate,88,8,7,9,2,3,9,5,8,6,7,0.437274,63,64,0.984375,False,False,PASS
ch08,NonOverlappingTemplate,89,2,9,6,6,12,12,5,7,3,2,0.014216,64,64,1.0,False,False,PASS
ch08,NonOverlappingTemplate,90,5,7,6,8,5,7,5,6,7,8,0.985035,64,64,1.0,False,False,PASS
ch08,NonOverlappingTemplate,91,5,9,5,6,8,5,9,8,4,5,0.77276,64,64,1.0,False,False,PASS
ch08,NonOverlappingTemplate,92,12,3,7,7,6,7,3,8,7,4,0.275709,63,64,0.984375,False,False,PASS
ch08,NonOverlappingTemplate,93,5,7,8,2,7,9,5,5,10,6,0.500934,64,64,1.0,False,False,PASS
ch08,NonOverlappingTemplate,94,2,5,7,4,3,5,10,6,12,10,0.054199,62,64,0.96875,False,False,PASS
ch08,NonOverlappingTemplate,95,3,5,6,7,8,8,4,10,5,8,0.602458,63,64,0.984375,False,False,PASS
ch08,NonOverlappingTemplate,96,9,8,6,5,7,4,11,6,3,5,0.437274,64,64,1.0,False,False,PASS
ch08,NonOverlappingTemplate,97,8,6,7,7,5,6,1,11,6,7,0.378138,64,64,1.0,False,False,PASS
ch08,NonOverlappingTemplate,98,13,5,4,5,7,4,8,4,7,7,0.23276,63,64,0.984375,False,False,PASS
ch08,NonOverlappingTemplate,99,5,4,7,7,10,6,6,5,6,8,0.862344,63,64,0.984375,False,False,PASS
ch08,NonOverlappingTemplate,100,4,5,7,5,3,9,8,9,8,6,0.637119,62,64,0.96875,False,False,PASS
ch08,NonOverlappingTemplate,101,5,3,8,6,6,7,6,9,6,8,0.862344,64,64,1.0,False,False,PASS
ch08,NonOverlappingTemplate,102,8,3,9,9,6,6,5,9,5,4,0.568055,64,64,1.0,False,False,PASS
ch08,NonOverlappingTemplate,103,7,3,6,7,10,5,6,6,7,7,0.834308,63,64,0.984375,False,False,PASS
ch08,NonOverlappingTemplate,104,4,4,8,7,6,2,10,8,5,10,0.275709,62,64,0.96875,False,False,PASS
ch08,NonOverlappingTemplate,105,9,6,4,7,4,3,10,7,9,5,0.437274,64,64,1.0,False,False,PASS
ch08,NonOverlappingTemplate,106,7,4,5,6,8,4,7,7,10,6,0.804337,63,64,0.984375,False,False,PASS
ch08,NonOverlappingTemplate,107,3,7,6,4,8,5,4,9,9,9,0.500934,64,64,1.0,False,False,PASS
ch08,NonOverlappingTemplate,108,3,9,6,7,7,5,3,6,10,8,0.500934,63,64,0.984375,False,False,PASS
ch08,NonOverlappingTemplate,109,9,4,7,7,7,6,5,7,5,7,0.949602,64,64,1.0,False,False,PASS
ch08,NonOverlappingTemplate,110,7,7,7,8,6,7,3,7,4,8,0.888137,63,64,0.984375,False,False,PASS
ch08,NonOverlappingTemplate,111,1,6,12,6,5,9,8,6,6,5,0.178278,64,64,1.0,False,False,PASS
ch08,NonOverlappingTemplate,112,4,7,6,5,7,7,9,5,5,9,0.862344,63,64,0.984375,False,False,PASS
ch08,NonOverlappingTemplate,113,3,9,5,6,10,4,4,5,10,8,0.299251,64,64,1.0,False,False,PASS
ch08,NonOverlappingTemplate,114,7,4,9,7,7,3,6,8,7,6,0.834308,62,64,0.96875,False,False,PASS
ch08,NonOverlappingTemplate,115,6,5,6,10,4,5,9,7,5,7,0.77276,64,64,1.0,False,False,PASS
ch08,NonOverlappingTemplate,116,6,7,11,2,6,8,7,6,8,3,0.350485,63,64,0.984375,False,False,PASS
ch08,NonOverlappingTemplate,117,5,8,11,12,4,6,3,3,8,4,0.066882,63,64,0.984375,False,False,PASS
ch08,NonOverlappingTemplate,118,7,4,6,7,3,8,9,5,9,6,0.706149,63,64,0.984375,False,False,PASS
ch08,NonOverlappingTemplate,119,8,9,3,1,8,9,4,8,10,4,0.100508,64,64,1.0,False,False,PASS
ch08,NonOverlappingTemplate,120,10,8,6,7,3,7,4,3,9,7,0.437274,61,64,0.953125,False,False,PASS
ch08,NonOverlappingTemplate,121,5,9,7,6,6,5,6,1,11,8,0.275709,64,64,1.0,False,False,PASS
ch08,NonOverlappingTemplate,122,5,8,8,8,8,7,5,3,5,7,0.834308,64,64,1.0,False,False,PASS
ch08,NonOverlappingTemplate,123,6,7,9,6,3,8,4,11,4,6,0.407091,63,64,0.984375,False,False,PASS
ch08,NonOverlappingTemplate,124,6,7,5,7,3,4,9,8,10,5,0.568055,64,64,1.0,False,False,PASS
ch08,NonOverlappingTemplate,125,4,7,7,7,6,5,9,6,9,4,0.834308,64,64,1.0,False,False,PASS
ch08,NonOverlappingTemplate,126,3,6,5,11,5,7,12,2,6,7,0.090936,64,64,1.0,False,False,PASS
ch08,NonOverlappingTemplate,127,5,6,8,4,8,5,11,7,5,5,0.637119,63,64,0.984375,False,False,PASS
ch08,NonOverlappingTemplate,128,8,5,7,4,6,8,8,8,5,5,0.911413,63,64,0.984375,False,False,PASS
ch08,NonOverlappingTemplate,129,5,7,6,5,4,5,4,8,9,11,0.500934,62,64,0.96875,False,False,PASS
ch08,NonOverlappingTemplate,130,5,4,7,8,4,8,4,5,8,11,0.468595,64,64,1.0,False,False,PASS
ch08,NonOverlappingTemplate,131,7,7,5,7,2,7,5,9,8,7,0.739918,63,64,0.984375,False,False,PASS
ch08,NonOverlappingTemplate,132,5,8,4,8,6,7,4,7,6,9,0.862344,64,64,1.0,False,False,PASS
ch08,NonOverlappingTemplate,133,4,8,9,2,7,5,9,7,6,7,0.568055,63,64,0.984375,False,False,PASS
ch08,NonOverlappingTemplate,134,6,6,10,5,5,4,9,7,5,7,0.77276,64,64,1.0,False,False,PASS
ch08,NonOverlappingTemplate,135,13,4,8,8,7,3,2,7,5,7,0.090936,62,64,0.96875,False,False,PASS
ch08,NonOverlappingTemplate,136,6,5,10,8,5,4,10,4,10,2,0.162606,64,64,1.0,False,False,PASS
ch08,NonOverlappingTemplate,137,8,5,8,4,2,5,10,5,10,7,0.299251,62,64,0.96875,False,False,PASS
ch08,NonOverlappingTemplate,138,9,7,10,3,4,10,3,9,4,5,0.162606,62,64,0.96875,False,False,PASS
ch08,NonOverlappingTemplate,139,9,4,9,6,10,9,3,5,6,3,0.275709,64,64,1.0,False,False,PASS
ch08,NonOverlappingTemplate,140,7,9,5,8,6,5,4,5,9,6,0.834308,64,64,1.0,False,False,PASS
ch08,NonOverlappingTemplate,141,9,7,6,6,1,6,6,8,10,5,0.407091,64,64,1.0,False,False,PASS
ch08,NonOverlappingTemplate,142,11,5,10,9,5,8,5,3,4,4,0.195163,63,64,0.984375,False,False,PASS
ch08,NonOverlappingTemplate,143,4,7,2,4,8,8,7,6,10,8,0.437274,64,64,1.0,False,False,PASS
ch08,NonOverlappingTemplate,144,9,3,9,7,12,3,9,4,4,4,0.074177,64,64,1.0,False,False,PASS
ch08,NonOverlappingTemplate,145,9,5,3,5,6,12,8,6,7,3,0.23276,62,64,0.96875,False,False,PASS
ch08,NonOverlappingTemplate,146,7,3,9,7,5,4,7,9,4,9,0.534146,64,64,1.0,False,False,PASS
ch08,NonOverlappingTemplate,147,5,3,12,5,3,5,4,8,14,5,0.009998,63,64,0.984375,False,False,PASS
ch08,NonOverlappingTemplate,148,6,2,9,2,5,7,6,10,11,6,0.122325,63,64,0.984375,False,False,PASS
ch08,OverlappingTemplate,1,6,6,4,8,8,5,6,10,4,7,0.77276,62,64,0.96875,False,False,PASS
ch08,Universal,1,5,7,8,6,6,7,9,5,7,4,0.931952,63,64,0.984375,False,False,PASS
ch08,ApproximateEntropy,1,12,10,6,3,7,4,9,4,1,8,0.035174,63,64,0.984375,False,False,PASS
ch08,RandomExcursions,1,4,3,7,2,0,5,7,6,1,1,0.01125,36,36,1.0,False,False,PASS
ch08,RandomExcursions,2,2,2,0,5,1,4,5,7,5,5,0.066882,36,36,1.0,False,False,PASS
ch08,RandomExcursions,3,5,4,0,0,3,4,7,3,6,4,0.054199,36,36,1.0,False,False,PASS
ch08,RandomExcursions,4,4,0,9,1,3,4,3,6,3,3,0.017912,36,36,1.0,False,False,PASS
ch08,RandomExcursions,5,7,2,2,3,2,2,5,4,7,2,0.122325,36,36,1.0,False,False,PASS
ch08,RandomExcursions,6,5,4,4,1,2,3,5,5,3,4,0.671779,36,36,1.0,False,False,PASS
ch08,RandomExcursions,7,7,0,2,4,4,5,3,2,5,4,0.178278,36,36,1.0,False,False,PASS
ch08,RandomExcursions,8,4,4,3,3,5,2,4,3,7,1,0.407091,36,36,1.0,False,False,PASS
ch08,RandomExcursionsVariant,1,6,5,2,3,3,4,8,1,2,2,0.082177,36,36,1.0,False,False,PASS
ch08,RandomExcursionsVariant,2,7,4,4,2,1,7,2,3,4,2,0.122325,35,36,0.9722222222222222,False,False,PASS
ch08,RandomExcursionsVariant,3,5,3,5,7,1,2,2,4,0,7,0.028181,35,36,0.9722222222222222,False,False,PASS
ch08,RandomExcursionsVariant,4,5,3,2,7,3,1,3,2,7,3,0.122325,35,36,0.9722222222222222,False,False,PASS
ch08,RandomExcursionsVariant,5,2,4,6,3,1,3,8,3,3,3,0.148094,35,36,0.9722222222222222,False,False,PASS
ch08,RandomExcursionsVariant,6,3,5,1,4,3,5,4,3,3,5,0.739918,35,36,0.9722222222222222,False,False,PASS
ch08,RandomExcursionsVariant,7,3,1,3,3,7,3,3,7,4,2,0.178278,35,36,0.9722222222222222,False,False,PASS
ch08,RandomExcursionsVariant,8,3,3,2,4,5,3,5,2,4,5,0.804337,35,36,0.9722222222222222,False,False,PASS
ch08,RandomExcursionsVariant,9,2,7,6,1,6,4,3,1,4,2,0.082177,36,36,1.0,False,False,PASS
ch08,RandomExcursionsVariant,10,5,2,4,5,2,3,4,5,5,1,0.534146,36,36,1.0,False,False,PASS
ch08,RandomExcursionsVariant,11,4,6,2,2,6,5,2,2,2,5,0.299251,36,36,1.0,False,False,PASS
ch08,RandomExcursionsVariant,12,2,6,4,3,6,2,6,0,6,1,0.043745,36,36,1.0,False,False,PASS
ch08,RandomExcursionsVariant,13,2,6,3,6,5,2,4,2,2,4,0.407091,36,36,1.0,False,False,PASS
ch08,RandomExcursionsVariant,14,2,4,9,3,3,5,2,3,4,1,0.066882,36,36,1.0,False,False,PASS
ch08,RandomExcursionsVariant,15,3,2,7,4,5,2,4,7,1,1,0.066882,36,36,1.0,False,False,PASS
ch08,RandomExcursionsVariant,16,2,5,5,2,2,3,7,3,6,1,0.148094,36,36,1.0,False,False,PASS
ch08,RandomExcursionsVariant,17,2,5,4,2,1,12,3,2,1,4,0.000153,36,36,1.0,False,False,PASS
ch08,RandomExcursionsVariant,18,3,3,4,4,4,2,9,3,2,2,0.122325,36,36,1.0,False,False,PASS
ch08,Serial,1,6,7,8,1,6,9,5,4,8,10,0.299251,64,64,1.0,False,False,PASS
ch08,Serial,2,4,4,5,1,11,8,6,10,5,10,0.066882,64,64,1.0,False,False,PASS
ch08,LinearComplexity,1,9,6,9,8,3,8,5,4,5,7,0.637119,64,64,1.0,False,False,PASS
ch09,Frequency,1,9,6,2,9,5,10,5,10,2,6,0.122325,64,64,1.0,False,False,PASS
ch09,BlockFrequency,1,2,7,3,4,8,10,13,5,6,6,0.054199,63,64,0.984375,False,False,PASS
ch09,CumulativeSums,1,9,5,3,4,8,3,6,7,7,12,0.195163,64,64,1.0,False,False,PASS
ch09,CumulativeSums,2,10,2,7,6,6,3,9,8,5,8,0.350485,64,64,1.0,False,False,PASS
ch09,Runs,1,5,6,7,3,11,6,10,4,3,9,0.195163,63,64,0.984375,False,False,PASS
ch09,LongestRun,1,4,7,5,7,7,5,8,4,11,6,0.637119,64,64,1.0,False,False,PASS
ch09,Rank,1,6,7,4,11,5,8,7,8,4,4,0.534146,64,64,1.0,False,False,PASS
ch09,FFT,1,5,8,2,7,6,6,9,7,8,6,0.739918,64,64,1.0,False,False,PASS
ch09,NonOverlappingTemplate,1,5,8,8,7,7,9,2,7,5,6,0.706149,64,64,1.0,False,False,PASS
ch09,NonOverlappingTemplate,2,4,2,7,5,11,11,7,2,4,11,0.020085,64,64,1.0,False,False,PASS
ch09,NonOverlappingTemplate,3,3,6,7,4,10,1,9,7,9,8,0.162606,63,64,0.984375,False,False,PASS
ch09,NonOverlappingTemplate,4,4,7,2,8,8,5,4,6,9,11,0.253551,63,64,0.984375,False,False,PASS
ch09,NonOverlappingTemplate,5,6,7,5,5,5,8,4,9,7,8,0.888137,64,64,1.0,False,False,PASS
ch09,NonOverlappingTemplate,6,11,6,3,4,5,8,6,7,5,9,0.437274,62,64,0.96875,False,False,PASS
ch09,NonOverlappingTemplate,7,7,9,9,7,5,7,3,8,7,2,0.468595,63,64,0.984375,False,False,PASS
ch09,NonOverlappingTemplate,8,7,6,7,7,8,4,7,8,6,4,0.949602,63,64,0.984375,False,False,PASS
ch09,NonOverlappingTemplate,9,6,3,5,9,4,6,7,6,8,10,0.602458,64,64,1.0,False,False,PASS
ch09,NonOverlappingTemplate,10,5,5,3,9,8,9,5,6,6,8,0.706149,64,64,1.0,False,False,PASS
ch09,NonOverlappingTemplate,11,10,5,7,6,6,7,8,1,7,7,0.500934,64,64,1.0,False,False,PASS
ch09,NonOverlappingTemplate,12,11,3,8,5,8,3,9,5,6,6,0.32418,62,64,0.96875,False,False,PASS
ch09,NonOverlappingTemplate,13,3,8,6,8,9,7,7,5,6,5,0.834308,64,64,1.0,False,False,PASS
ch09,NonOverlappingTemplate,14,4,5,6,3,4,10,10,7,6,9,0.350485,63,64,0.984375,False,False,PASS
ch09,NonOverlappingTemplate,15,6,8,6,4,7,4,7,6,6,10,0.834308,63,64,0.984375,False,False,PASS
ch09,NonOverlappingTemplate,16,11,9,7,4,6,6,9,5,6,1,0.195163,60,64,0.9375,False,False,PASS
ch09,NonOverlappingTemplate,17,5,6,8,4,8,8,6,7,7,5,0.949602,63,64,0.984375,False,False,PASS
ch09,NonOverlappingTemplate,18,6,4,10,3,6,9,6,9,4,7,0.468595,64,64,1.0,False,False,PASS
ch09,NonOverlappingTemplate,19,6,2,7,11,7,6,8,6,5,6,0.534146,64,64,1.0,False,False,PASS
ch09,NonOverlappingTemplate,20,8,7,5,3,6,9,8,7,10,1,0.23276,64,64,1.0,False,False,PASS
ch09,NonOverlappingTemplate,21,6,7,3,7,8,9,7,8,3,6,0.706149,63,64,0.984375,False,False,PASS
ch09,NonOverlappingTemplate,22,2,6,5,6,9,8,8,7,4,9,0.534146,64,64,1.0,False,False,PASS
ch09,NonOverlappingTemplate,23,9,9,6,4,8,6,6,3,5,8,0.671779,64,64,1.0,False,False,PASS
ch09,NonOverlappingTemplate,24,8,4,9,10,5,4,9,6,4,5,0.468595,61,64,0.953125,False,False,PASS
ch09,NonOverlappingTemplate,25,3,3,8,6,6,4,12,7,5,10,0.148094,64,64,1.0,False,False,PASS
ch09,NonOverlappingTemplate,26,7,8,10,1,7,6,8,4,6,7,0.407091,63,64,0.984375,False,False,PASS
ch09,NonOverlappingTemplate,27,6,4,6,4,8,6,3,7,11,9,0.407091,64,64,1.0,False,False,PASS
ch09,NonOverlappingTemplate,28,6,3,10,6,7,7,7,8,5,5,0.77276,63,64,0.984375,False,False,PASS
ch09,NonOverlappingTemplate,29,13,5,6,4,4,8,3,7,3,11,0.039244,63,64,0.984375,False,False,PASS
ch09,NonOverlappingTemplate,30,5,7,7,6,6,6,5,7,10,5,0.931952,63,64,0.984375,False,False,PASS
ch09,NonOverlappingTemplate,31,4,6,3,3,9,4,6,6,13,10,0.054199,64,64,1.0,False,False,PASS
ch09,NonOverlappingTemplate,32,6,9,3,7,5,8,7,4,9,6,0.706149,63,64,0.984375,False,False,PASS
ch09,NonOverlappingTemplate,33,4,12,5,6,6,3,5,6,8,9,0.299251,64,64,1.0,False,False,PASS
ch09,NonOverlappingTemplate,34,6,6,5,5,2,12,6,9,7,6,0.299251,64,64,1.0,False,False,PASS
ch09,NonOverlappingTemplate,35,6,3,6,4,11,10,6,5,4,9,0.253551,63,64,0.984375,False,False,PASS
ch09,NonOverlappingTemplate,36,4,6,8,9,8,5,6,3,8,7,0.739918,63,64,0.984375,False,False,PASS
ch09,NonOverlappingTemplate,37,4,8,4,7,7,7,10,4,6,7,0.739918,64,64,1.0,False,False,PASS
ch09,NonOverlappingTemplate,38,6,6,9,9,4,9,5,6,4,6,0.739918,64,64,1.0,False,False,PASS
ch09,NonOverlappingTemplate,39,7,7,9,5,6,6,8,5,6,5,0.964295,63,64,0.984375,False,False,PASS
ch09,NonOverlappingTemplate,40,6,8,3,8,6,5,6,9,10,3,0.468595,63,64,0.984375,False,False,PASS
ch09,NonOverlappingTemplate,41,3,10,4,8,6,4,6,7,5,11,0.299251,64,64,1.0,False,False,PASS
ch09,NonOverlappingTemplate,42,4,9,8,8,1,7,11,3,9,4,0.074177,64,64,1.0,False,False,PASS
ch09,NonOverlappingTemplate,43,10,6,6,8,11,4,4,3,9,3,0.148094,62,64,0.96875,False,False,PASS
ch09,NonOverlappingTemplate,44,6,5,4,7,5,6,7,13,6,5,0.378138,63,64,0.984375,False,False,PASS
ch09,NonOverlappingTemplate,45,7,6,6,9,3,5,8,6,4,10,0.602458,64,64,1.0,False,False,PASS
ch09,NonOverlappingTemplate,46,9,5,4,8,9,9,4,7,5,4,0.568055,63,64,0.984375,False,False,PASS
ch09,NonOverlappingTemplate,47,4,5,15,7,2,7,6,5,6,7,0.039244,64,64,1.0,False,False,PASS
ch09,NonOverlappingTemplate,48,5,12,4,7,7,5,3,6,8,7,0.378138,63,64,0.984375,False,False,PASS
ch09,NonOverlappingTemplate,49,8,5,7,9,6,7,4,7,5,6,0.931952,63,64,0.984375,False,False,PASS
ch09,NonOverlappingTemplate,50,11,4,7,7,7,4,9,4,5,6,0.500934,64,64,1.0,False,False,PASS
ch09,NonOverlappingTemplate,51,7,7,4,7,3,11,8,9,3,5,0.299251,64,64,1.0,False,False,PASS
ch09,NonOverlappingTemplate,52,4,10,6,7,3,4,10,9,6,5,0.350485,64,64,1.0,False,False,PASS
ch09,NonOverlappingTemplate,53,7,4,7,6,6,4,5,8,4,13,0.253551,63,64,0.984375,False,False,PASS
ch09,NonOverlappingTemplate,54,5,8,10,8,4,6,6,7,4,6,0.77276,64,64,1.0,False,False,PASS
ch09,NonOverlappingTemplate,55,6,11,11,9,7,4,2,6,3,5,0.090936,64,64,1.0,False,False,PASS
ch09,NonOverlappingTemplate,56,4,11,6,9,8,4,5,6,3,8,0.350485,64,64,1.0,False,False,PASS
ch09,NonOverlappingTemplate,57,10,5,5,10,7,6,6,6,5,4,0.671779,64,64,1.0,False,False,PASS
ch09,NonOverlappingTemplate,58,0,6,10,7,8,3,10,9,5,6,0.082177,64,64,1.0,False,False,PASS
ch09,NonOverlappingTemplate,59,8,7,4,3,6,7,7,6,7,9,0.834308,62,64,0.96875,False,False,PASS
ch09,NonOverlappingTemplate,60,4,5,4,11,4,11,6,5,7,7,0.275709,64,64,1.0,False,False,PASS
ch09,NonOverlappingTemplate,61,7,6,5,5,4,6,7,8,8,8,0.949602,61,64,0.953125,False,False,PASS
ch09,NonOverlappingTemplate,62,7,8,7,7,6,6,6,8,7,2,0.862344,63,64,0.984375,False,False,PASS
ch09,NonOverlappingTemplate,63,10,7,7,8,10,2,5,4,5,6,0.350485,64,64,1.0,False,False,PASS
ch09,NonOverlappingTemplate,64,8,11,9,3,7,4,7,6,4,5,0.378138,64,64,1.0,False,False,PASS
ch09,NonOverlappingTemplate,65,8,4,5,5,10,4,6,7,8,7,0.739918,62,64,0.96875,False,False,PASS
ch09,NonOverlappingTemplate,66,2,9,5,6,6,11,3,7,7,8,0.275709,63,64,0.984375,False,False,PASS
ch09,NonOverlappingTemplate,67,6,8,5,5,5,6,4,6,5,14,0.178278,64,64,1.0,False,False,PASS
ch09,NonOverlappingTemplate,68,5,5,7,6,6,8,6,2,8,11,0.468595,64,64,1.0,False,False,PASS
ch09,NonOverlappingTemplate,69,2,7,8,8,5,7,6,5,10,6,0.602458,63,64,0.984375,False,False,PASS
ch09,NonOverlappingTemplate,70,4,2,3,12,5,10,7,9,3,9,0.031497,64,64,1.0,False,False,PASS
ch09,NonOverlappingTemplate,71,3,7,5,5,10,6,7,7,9,5,0.671779,64,64,1.0,False,False,PASS
ch09,NonOverlappingTemplate,72,4,7,10,4,13,4,1,7,8,6,0.035174,64,64,1.0,False,False,PASS
ch09,NonOverlappingTemplate,73,5,5,9,6,10,8,6,5,7,3,0.637119,63,64,0.984375,False,False,PASS
ch09,NonOverlappingTemplate,74,6,3,7,14,6,5,4,9,7,3,0.060239,63,64,0.984375,False,False,PASS
ch09,NonOverlappingTemplate,75,5,8,8,7,7,9,2,7,5,6,0.706149,64,64,1.0,False,False,PASS
ch09,NonOverlappingTemplate,76,2,8,5,5,4,7,7,8,8,10,0.468595,64,64,1.0,False,False,PASS
ch09,NonOverlappingTemplate,77,5,4,6,8,5,6,8,4,9,9,0.739918,63,64,0.984375,False,False,PASS
ch09,NonOverlappingTemplate,78,2,7,8,7,9,8,9,3,5,6,0.437274,64,64,1.0,False,False,PASS
ch09,NonOverlappingTemplate,79,10,9,3,8,4,6,8,2,5,9,0.213309,62,64,0.96875,False,False,PASS
ch09,NonOverlappingTemplate,80,8,6,10,5,5,5,6,10,3,6,0.534146,64,64,1.0,False,False,PASS
ch09,NonOverlappingTemplate,81,6,9,3,7,5,6,8,5,9,6,0.77276,64,64,1.0,False,False,PASS
ch09,NonOverlappingTemplate,82,5,5,3,6,7,6,6,9,11,6,0.568055,64,64,1.0,False,False,PASS
ch09,NonOverlappingTemplate,83,2,5,4,5,6,9,9,5,8,11,0.23276,63,64,0.984375,False,False,PASS
ch09,NonOverlappingTemplate,84,6,5,4,13,4,9,4,6,7,6,0.213309,61,64,0.953125,False,False,PASS
ch09,NonOverlappingTemplate,85,3,6,6,6,7,10,2,6,12,6,0.162606,64,64,1.0,False,False,PASS
ch09,NonOverlappingTemplate,86,9,4,7,5,6,6,6,7,6,8,0.949602,64,64,1.0,False,False,PASS
ch09,NonOverlappingTemplate,87,10,6,7,8,4,4,7,8,7,3,0.602458,63,64,0.984375,False,False,PASS
ch09,NonOverlappingTemplate,88,9,11,8,4,5,5,6,3,7,6,0.437274,64,64,1.0,False,False,PASS
ch09,NonOverlappingTemplate,89,7,3,5,8,5,8,9,9,5,5,0.671779,63,64,0.984375,False,False,PASS
ch09,NonOverlappingTemplate,90,4,4,6,8,6,7,10,8,8,3,0.568055,64,64,1.0,False,False,PASS
ch09,NonOverlappingTemplate,91,7,7,7,6,5,8,6,6,8,4,0.97606,64,64,1.0,False,False,PASS
ch09,NonOverlappingTemplate,92,11,2,7,4,4,6,5,9,13,3,0.020085,63,64,0.984375,False,False,PASS
ch09,NonOverlappingTemplate,93,4,4,5,10,7,6,8,10,6,4,0.500934,64,64,1.0,False,False,PASS
ch09,NonOverlappingTemplate,94,7,2,10,5,10,6,5,8,6,5,0.407091,62,64,0.96875,False,False,PASS
ch09,NonOverlappingTemplate,95,6,4,4,8,8,6,6,6,8,8,0.911413,62,64,0.96875,False,False,PASS
ch09,NonOverlappingTemplate,96,7,6,4,9,5,7,7,4,9,6,0.834308,64,64,1.0,False,False,PASS
ch09,NonOverlappingTemplate,97,4,7,5,7,10,8,4,2,9,8,0.350485,64,64,1.0,False,False,PASS
ch09,NonOverlappingTemplate,98,7,5,5,8,9,4,7,6,4,9,0.77276,63,64,0.984375,False,False,PASS
ch09,NonOverlappingTemplate,99,5,10,5,4,8,6,8,7,4,7,0.739918,64,64,1.0,False,False,PASS
ch09,NonOverlappingTemplate,100,2,6,5,13,5,4,8,4,9,8,0.082177,64,64,1.0,False,False,PASS
ch09,NonOverlappingTemplate,101,6,4,7,9,7,7,6,8,4,6,0.911413,64,64,1.0,False,False,PASS
ch09,NonOverlappingTemplate,102,6,9,4,4,3,8,9,7,5,9,0.500934,64,64,1.0,False,False,PASS
ch09,NonOverlappingTemplate,103,6,3,6,6,5,10,7,5,8,8,0.739918,63,64,0.984375,False,False,PASS
ch09,NonOverlappingTemplate,104,4,7,6,9,4,10,5,6,9,4,0.534146,63,64,0.984375,False,False,PASS
ch09,NonOverlappingTemplate,105,7,7,5,5,6,2,8,8,8,8,0.739918,63,64,0.984375,False,False,PASS
ch09,NonOverlappingTemplate,106,8,4,8,3,9,13,2,8,4,5,0.043745,61,64,0.953125,False,False,PASS
ch09,NonOverlappingTemplate,107,9,7,6,4,9,4,3,8,10,4,0.350485,64,64,1.0,False,False,PASS
ch09,NonOverlappingTemplate,108,8,5,5,5,3,8,10,5,6,9,0.568055,63,64,0.984375,False,False,PASS
ch09,NonOverlappingTemplate,109,2,1,6,8,6,7,7,8,9,10,0.178278,64,64,1.0,False,False,PASS
ch09,NonOverlappingTemplate,110,7,3,3,7,7,14,4,4,8,7,0.060239,64,64,1.0,False,False,PASS
ch09,NonOverlappingTemplate,111,8,3,5,4,8,7,8,9,6,6,0.739918,64,64,1.0,False,False,PASS
ch09,NonOverlappingTemplate,112,9,7,8,5,4,8,5,9,5,4,0.706149,62,64,0.96875,False,False,PASS
ch09,NonOverlappingTemplate,113,6,6,9,7,5,10,5,7,3,6,0.706149,63,64,0.984375,False,False,PASS
ch09,NonOverlappingTemplate,114,8,6,10,7,2,6,10,4,5,6,0.378138,63,64,0.984375,False,False,PASS
ch09,NonOverlappingTemplate,115,8,5,6,2,9,6,6,3,9,10,0.299251,64,64,1.0,False,False,PASS
ch09,NonOverlappingTemplate,116,5,7,3,10,7,6,7,8,6,5,0.77276,63,64,0.984375,False,False,PASS
ch09,NonOverlappingTemplate,117,7,5,7,6,9,3,5,7,5,10,0.671779,63,64,0.984375,False,False,PASS
ch09,NonOverlappingTemplate,118,6,2,3,6,6,9,8,9,4,11,0.178278,61,64,0.953125,False,False,PASS
ch09,NonOverlappingTemplate,119,11,6,4,4,7,7,8,4,2,11,0.122325,63,64,0.984375,False,False,PASS
ch09,NonOverlappingTemplate,120,7,4,5,10,3,6,12,5,6,6,0.253551,64,64,1.0,False,False,PASS
ch09,NonOverlappingTemplate,121,6,1,7,4,11,7,11,6,6,5,0.134686,63,64,0.984375,False,False,PASS
ch09,NonOverlappingTemplate,122,5,7,8,9,2,8,3,9,4,9,0.275709,64,64,1.0,False,False,PASS
ch09,NonOverlappingTemplate,123,9,7,7,5,7,4,7,1,13,4,0.066882,64,64,1.0,False,False,PASS
ch09,NonOverlappingTemplate,124,5,5,12,6,10,3,5,7,6,5,0.275709,64,64,1.0,False,False,PASS
ch09,NonOverlappingTemplate,125,6,2,5,8,11,6,5,5,10,6,0.299251,63,64,0.984375,False,False,PASS
ch09,NonOverlappingTemplate,126,7,2,4,4,10,4,5,9,10,9,0.148094,62,64,0.96875,False,False,PASS
ch09,NonOverlappingTemplate,127,4,8,7,5,8,10,7,4,6,5,0.739918,64,64,1.0,False,False,PASS
ch09,NonOverlappingTemplate,128,10,7,2,2,4,7,8,9,10,5,0.122325,64,64,1.0,False,False,PASS
ch09,NonOverlappingTemplate,129,6,9,3,4,7,4,7,10,5,9,0.437274,63,64,0.984375,False,False,PASS
ch09,NonOverlappingTemplate,130,3,9,3,6,5,8,7,6,10,7,0.500934,62,64,0.96875,False,False,PASS
ch09,NonOverlappingTemplate,131,5,2,12,9,9,6,4,6,8,3,0.100508,64,64,1.0,False,False,PASS
ch09,NonOverlappingTemplate,132,3,10,4,7,7,7,6,2,9,9,0.275709,64,64,1.0,False,False,PASS
ch09,NonOverlappingTemplate,133,9,4,5,4,6,7,4,6,12,7,0.350485,63,64,0.984375,False,False,PASS
ch09,NonOverlappingTemplate,134,7,2,10,6,5,3,13,7,3,8,0.039244,64,64,1.0,False,False,PASS
ch09,NonOverlappingTemplate,135,7,5,4,4,9,6,10,8,6,5,0.671779,64,64,1.0,False,False,PASS
ch09,NonOverlappingTemplate,136,7,6,6,12,7,2,2,7,6,9,0.148094,62,64,0.96875,False,False,PASS
ch09,NonOverlappingTemplate,137,6,9,7,11,3,5,5,5,6,7,0.534146,63,64,0.984375,False,False,PASS
ch09,NonOverlappingTemplate,138,3,1,8,7,5,3,8,7,14,8,0.015963,63,64,0.984375,False,False,PASS
ch09,NonOverlappingTemplate,139,5,8,7,7,8,3,6,4,4,12,0.299251,63,64,0.984375,False,False,PASS
ch09,NonOverlappingTemplate,140,6,10,3,8,6,4,5,8,8,6,0.637119,63,64,0.984375,False,False,PASS
ch09,NonOverlappingTemplate,141,6,9,9,7,6,4,4,7,10,2,0.350485,62,64,0.96875,False,False,PASS
ch09,NonOverlappingTemplate,142,6,8,6,6,6,4,6,8,6,8,0.97606,64,64,1.0,False,False,PASS
ch09,NonOverlappingTemplate,143,7,2,5,6,5,8,7,12,6,6,0.350485,64,64,1.0,False,False,PASS
ch09,NonOverlappingTemplate,144,1,7,11,5,2,7,6,6,9,10,0.074177,64,64,1.0,False,False,PASS
ch09,NonOverlappingTemplate,145,4,4,11,5,4,6,7,5,9,9,0.378138,63,64,0.984375,False,False,PASS
ch09,NonOverlappingTemplate,146,6,7,4,8,8,5,8,8,4,6,0.888137,64,64,1.0,False,False,PASS
ch09,NonOverlappingTemplate,147,10,7,5,4,11,5,6,5,6,5,0.500934,63,64,0.984375,False,False,PASS
ch09,NonOverlappingTemplate,148,6,3,7,14,6,5,4,9,7,3,0.060239,63,64,0.984375,False,False,PASS
ch09,OverlappingTemplate,1,3,9,7,9,3,3,12,3,6,9,0.054199,64,64,1.0,False,False,PASS
ch09,Universal,1,9,3,9,8,6,4,6,10,1,8,0.148094,64,64,1.0,False,False,PASS
ch09,ApproximateEntropy,1,9,10,6,4,3,5,6,6,5,10,0.407091,64,64,1.0,False,False,PASS
ch09,RandomExcursions,1,5,5,5,2,10,4,4,7,2,2,0.090936,46,46,1.0,False,False,PASS
ch09,RandomExcursions,2,7,5,1,6,3,7,4,3,8,2,0.141256,45,46,0.9782608695652174,False,False,PASS
ch09,RandomExcursions,3,3,4,8,5,2,2,3,7,6,6,0.275709,46,46,1.0,False,False,PASS
ch09,RandomExcursions,4,5,2,6,7,5,5,4,4,3,5,0.788728,46,46,1.0,False,False,PASS
ch09,RandomExcursions,5,8,2,5,4,4,2,6,5,6,4,0.484646,45,46,0.9782608695652174,False,False,PASS
ch09,RandomExcursions,6,5,5,4,6,4,7,4,6,1,4,0.637119,46,46,1.0,False,False,PASS
ch09,RandomExcursions,7,5,3,2,5,4,3,8,7,4,5,0.484646,46,46,1.0,False,False,PASS
ch09,RandomExcursions,8,7,2,3,5,2,6,6,6,4,5,0.534146,45,46,0.9782608695652174,False,False,PASS
ch09,RandomExcursionsVariant,1,1,5,5,9,2,5,3,6,6,4,0.186566,46,46,1.0,False,False,PASS
ch09,RandomExcursionsVariant,2,2,5,6,5,2,8,2,4,9,3,0.090936,46,46,1.0,False,False,PASS
ch09,RandomExcursionsVariant,3,2,7,5,3,3,7,9,3,4,3,0.162606,46,46,1.0,False,False,PASS
ch09,RandomExcursionsVariant,4,3,6,4,6,7,6,2,5,3,4,0.637119,46,46,1.0,False,False,PASS
ch09,RandomExcursionsVariant,5,3,5,3,7,8,5,6,4,4,1,0.311542,46,46,1.0,False,False,PASS
ch09,RandomExcursionsVariant,6,3,4,4,6,11,2,4,5,5,2,0.066882,46,46,1.0,False,False,PASS
ch09,RandomExcursionsVariant,7,4,5,4,4,5,7,4,2,8,3,0.534146,46,46,1.0,False,False,PASS
ch09,RandomExcursionsVariant,8,5,2,7,6,4,5,1,4,6,6,0.437274,46,46,1.0,False,False,PASS
ch09,RandomExcursionsVariant,9,5,2,4,6,5,4,4,8,6,2,0.484646,46,46,1.0,False,False,PASS
ch09,RandomExcursionsVariant,10,8,4,0,2,4,4,7,6,4,7,0.105618,45,46,0.9782608695652174,False,False,PASS
ch09,RandomExcursionsVariant,11,7,3,3,2,6,3,6,6,8,2,0.213309,45,46,0.9782608695652174,False,False,PASS
ch09,RandomExcursionsVariant,12,5,2,2,6,6,1,4,5,7,8,0.162606,46,46,1.0,False,False,PASS
ch09,RandomExcursionsVariant,13,3,4,2,3,2,4,4,9,9,6,0.066882,46,46,1.0,False,False,PASS
ch09,RandomExcursionsVariant,14,3,3,5,0,6,2,8,7,7,5,0.078086,45,46,0.9782608695652174,False,False,PASS
ch09,RandomExcursionsVariant,15,3,5,1,4,5,5,4,8,3,8,0.242986,46,46,1.0,False,False,PASS
ch09,RandomExcursionsVariant,16,3,6,2,1,6,3,7,4,6,8,0.162606,46,46,1.0,False,False,PASS
ch09,RandomExcursionsVariant,17,2,9,2,3,2,3,7,7,4,7,0.057146,46,46,1.0,False,False,PASS
ch09,RandomExcursionsVariant,18,2,5,6,2,5,8,3,3,6,6,0.350485,46,46,1.0,False,False,PASS
ch09,Serial,1,9,9,10,4,6,3,8,5,4,6,0.407091,63,64,0.984375,False,False,PASS
ch09,Serial,2,7,8,6,7,7,3,10,6,2,8,0.468595,63,64,0.984375,False,False,PASS
ch09,LinearComplexity,1,4,8,8,7,5,3,12,8,5,4,0.253551,64,64,1.0,False,False,PASS
